This is XeTeX, Version 3.141592653-2.6-0.999998 (MiKTeX 26.2) (preloaded format=xelatex 2026.3.3)  9 AUG 2026 23:30
entering extended mode
 restricted \write18 enabled.
 file:line:error style messages enabled.
 %&-line parsing enabled.
**"d:/Marcel/Kuliah S2 Smart X ITB/4. Semester 4/Tesis/Latex Thesis Desain Arsi
tektur Transformasi Digital Kemhan/Tesis.tex"

(d:/Marcel/Kuliah S2 Smart X ITB/4. Semester 4/Tesis/Latex Thesis Desain Arsite
ktur Transformasi Digital Kemhan/Tesis.tex
LaTeX2e <2025-11-01>
L3 programming layer <2026-01-19>
(C:\Users\marce\AppData\Local\Programs\MiKTeX\tex/latex/base\book.cls
Document Class: book 2025/01/22 v1.4n Standard LaTeX document class
(C:\Users\marce\AppData\Local\Programs\MiKTeX\tex/latex/base\bk12.clo
File: bk12.clo 2025/01/22 v1.4n Standard LaTeX file (size option)
)
\c@part=\count271
\c@chapter=\count272
\c@section=\count273
\c@subsection=\count274
\c@subsubsection=\count275
\c@paragraph=\count276
\c@subparagraph=\count277
\c@figure=\count278
\c@table=\count279
\abovecaptionskip=\skip49
\belowcaptionskip=\skip50
\bibindent=\dimen148
)
(C:\Users\marce\AppData\Local\Programs\MiKTeX\tex/latex/base\inputenc.sty
Package: inputenc 2024/02/08 v1.3d Input encoding file
\inpenc@prehook=\toks17
\inpenc@posthook=\toks18


Package inputenc Warning: inputenc package ignored with utf8 based engines.

) (C:\Users\marce\AppData\Local\Programs\MiKTeX\tex/latex/fontspec\fontspec.sty

(C:\Users\marce\AppData\Local\Programs\MiKTeX\tex/latex/l3packages/xparse\xpars
e.sty
(C:\Users\marce\AppData\Local\Programs\MiKTeX\tex/latex/l3kernel\expl3.sty
Package: expl3 2026-01-19 L3 programming layer (loader) 

(C:\Users\marce\AppData\Local\Programs\MiKTeX\tex/latex/l3backend\l3backend-xet
ex.def
File: l3backend-xetex.def 2025-10-09 L3 backend support: XeTeX
\g__graphics_track_int=\count280
\g__pdfannot_backend_int=\count281
\g__pdfannot_backend_link_int=\count282
))
Package: xparse 2025-10-09 L3 Experimental document command parser
)
Package: fontspec 2025/09/29 v2.9g Font selection for XeLaTeX and LuaLaTeX

(C:\Users\marce\AppData\Local\Programs\MiKTeX\tex/latex/fontspec\fontspec-xetex
.sty
Package: fontspec-xetex 2025/09/29 v2.9g Font selection for XeLaTeX and LuaLaTe
X
\l__fontspec_script_int=\count283
\l__fontspec_language_int=\count284
\l__fontspec_strnum_int=\count285
\l__fontspec_tmp_int=\count286
\l__fontspec_tmpa_int=\count287
\l__fontspec_tmpb_int=\count288
\l__fontspec_tmpc_int=\count289
\l__fontspec_em_int=\count290
\l__fontspec_emdef_int=\count291
\l__fontspec_strong_int=\count292
\l__fontspec_strongdef_int=\count293
\l__fontspec_tmpa_dim=\dimen149
\l__fontspec_tmpb_dim=\dimen150
\l__fontspec_tmpc_dim=\dimen151
 (C:\Users\marce\AppData\Local\Programs\MiKTeX\tex/latex/base\fontenc.sty
Package: fontenc 2025/07/18 v2.1d Standard LaTeX package
)
(C:\Users\marce\AppData\Local\Programs\MiKTeX\tex/latex/fontspec\fontspec.cfg))
) (C:\Users\marce\AppData\Local\Programs\MiKTeX\tex/generic/babel\babel.sty
Package: babel 2026/02/14 v26.3 The multilingual framework for LuaLaTeX, pdfLaT
eX and XeLaTeX
\babel@savecnt=\count294
LaTeX Encoding Info:    Redeclaring text command \ij (encoding OT1) on input li
ne 2078.
LaTeX Encoding Info:    Redeclaring text command \IJ (encoding OT1) on input li
ne 2080.
LaTeX Encoding Info:    Redeclaring text command \ij (encoding T1) on input lin
e 2082.
LaTeX Encoding Info:    Redeclaring text command \IJ (encoding T1) on input lin
e 2083.
LaTeX Encoding Info:    Ignoring declaration for text command \ij (encoding ?) 
on input line 2084.
LaTeX Encoding Info:    Ignoring declaration for text command \IJ (encoding ?) 
on input line 2086.
LaTeX Encoding Info:    Ignoring declaration for text command \SS (encoding ?) 
on input line 2111.
\U@D=\dimen152
\l@unhyphenated=\language79

(C:\Users\marce\AppData\Local\Programs\MiKTeX\tex/generic/babel\xebabel.def)
\bbl@readstream=\read2
\bbl@dirlevel=\count295
Package babel Info: Configuration files are deprecated, as
(babel)             they can break document portability.
(babel)             Reported on input line 4206.

*************************************
* Local config file bblopts.cfg used
*
(C:\Users\marce\AppData\Local\Programs\MiKTeX\tex/latex/arabi\bblopts.cfg
File: bblopts.cfg 2005/09/08 v0.1 add Arabic and Farsi to "declared" options of
 babel
)
(C:\Users\marce\AppData\Local\Programs\MiKTeX\tex/generic/babel/locale/id\babel
-indonesian.tex)
Package babel Info: Importing font and identification data for indonesian
(babel)             from babel-id.ini. Reported on input line 4330.

(C:\Users\marce\AppData\Local\Programs\MiKTeX\tex/latex/babel-indonesian\indone
sian.ldf
Language: indonesian 2025/06/01 v1.0n Bahasa Indonesia support from the babel s
ystem
))
(C:\Users\marce\AppData\Local\Programs\MiKTeX\tex/latex/csquotes\csquotes.sty
Package: csquotes 2024-04-04 v5.2o context-sensitive quotations (JAW)

(C:\Users\marce\AppData\Local\Programs\MiKTeX\tex/latex/etoolbox\etoolbox.sty
Package: etoolbox 2025/10/02 v2.5m e-TeX tools for LaTeX (JAW)
\etb@tempcnta=\count296
)
(C:\Users\marce\AppData\Local\Programs\MiKTeX\tex/latex/graphics\keyval.sty
Package: keyval 2022/05/29 v1.15 key=value parser (DPC)
\KV@toks@=\toks19
)
\csq@reset=\count297
\csq@gtype=\count298
\csq@glevel=\count299
\csq@qlevel=\count300
\csq@maxlvl=\count301
\csq@tshold=\count302
\csq@ltx@everypar=\toks20

(C:\Users\marce\AppData\Local\Programs\MiKTeX\tex/latex/csquotes\csquotes.def
File: csquotes.def 2024-04-04 v5.2o csquotes generic definitions (JAW)
)
Package csquotes Info: Trying to load configuration file 'csquotes.cfg'...
Package csquotes Info: ... configuration file loaded successfully.

(C:\Users\marce\AppData\Local\Programs\MiKTeX\tex/latex/csquotes\csquotes.cfg
File: csquotes.cfg 
)) (C:\Users\marce\AppData\Local\Programs\MiKTeX\tex/latex/setspace\setspace.st
y
Package: setspace 2022/12/04 v6.7b set line spacing
) (C:\Users\marce\AppData\Local\Programs\MiKTeX\tex/latex/graphics\graphicx.sty
Package: graphicx 2024/12/31 v1.2e Enhanced LaTeX Graphics (DPC,SPQR)

(C:\Users\marce\AppData\Local\Programs\MiKTeX\tex/latex/graphics\graphics.sty
Package: graphics 2024/08/06 v1.4g Standard LaTeX Graphics (DPC,SPQR)

(C:\Users\marce\AppData\Local\Programs\MiKTeX\tex/latex/graphics\trig.sty
Package: trig 2023/12/02 v1.11 sin cos tan (DPC)
)
(C:\Users\marce\AppData\Local\Programs\MiKTeX\tex/latex/graphics-cfg\graphics.c
fg
File: graphics.cfg 2016/06/04 v1.11 sample graphics configuration
)
Package graphics Info: Driver file: xetex.def on input line 106.

(C:\Users\marce\AppData\Local\Programs\MiKTeX\tex/latex/graphics-def\xetex.def
File: xetex.def 2025/11/01 v5.0p Graphics/color driver for xetex
))
\Gin@req@height=\dimen153
\Gin@req@width=\dimen154
) (C:\Users\marce\AppData\Local\Programs\MiKTeX\tex/latex/caption\caption.sty
Package: caption 2023/08/05 v3.6o Customizing captions (AR)

(C:\Users\marce\AppData\Local\Programs\MiKTeX\tex/latex/caption\caption3.sty
Package: caption3 2023/07/31 v2.4d caption3 kernel (AR)
\caption@tempdima=\dimen155
\captionmargin=\dimen156
\caption@leftmargin=\dimen157
\caption@rightmargin=\dimen158
\caption@width=\dimen159
\caption@indent=\dimen160
\caption@parindent=\dimen161
\caption@hangindent=\dimen162
Package caption Info: Standard document class detected.
)
\c@caption@flags=\count303
\c@continuedfloat=\count304
)
(C:\Users\marce\AppData\Local\Programs\MiKTeX\tex/latex/caption\subcaption.sty
Package: subcaption 2023/07/28 v1.6b Sub-captions (AR)
Package caption Info: New subtype `subfigure' on input line 238.
\c@subfigure=\count305
Package caption Info: New subtype `subtable' on input line 238.
\c@subtable=\count306
) (C:\Users\marce\AppData\Local\Programs\MiKTeX\tex/latex/tocloft\tocloft.sty
Package: tocloft 2017/08/31 v2.3i parameterised ToC, etc., typesetting
Package tocloft Info: The document has chapter divisions on input line 51.
\cftparskip=\skip51
\cftbeforetoctitleskip=\skip52
\cftaftertoctitleskip=\skip53
\cftbeforepartskip=\skip54
\cftpartnumwidth=\skip55
\cftpartindent=\skip56
\cftbeforechapskip=\skip57
\cftchapindent=\skip58
\cftchapnumwidth=\skip59
\cftbeforesecskip=\skip60
\cftsecindent=\skip61
\cftsecnumwidth=\skip62
\cftbeforesubsecskip=\skip63
\cftsubsecindent=\skip64
\cftsubsecnumwidth=\skip65
\cftbeforesubsubsecskip=\skip66
\cftsubsubsecindent=\skip67
\cftsubsubsecnumwidth=\skip68
\cftbeforeparaskip=\skip69
\cftparaindent=\skip70
\cftparanumwidth=\skip71
\cftbeforesubparaskip=\skip72
\cftsubparaindent=\skip73
\cftsubparanumwidth=\skip74
\cftbeforeloftitleskip=\skip75
\cftafterloftitleskip=\skip76
\cftbeforefigskip=\skip77
\cftfigindent=\skip78
\cftfignumwidth=\skip79
\c@lofdepth=\count307
\c@lotdepth=\count308
\cftbeforelottitleskip=\skip80
\cftafterlottitleskip=\skip81
\cftbeforetabskip=\skip82
\cfttabindent=\skip83
\cfttabnumwidth=\skip84
)
(C:\Users\marce\AppData\Local\Programs\MiKTeX\tex/latex/titlesec\titlesec.sty
Package: titlesec 2025/01/04 v2.17 Sectioning titles
\ttl@box=\box53
\beforetitleunit=\skip85
\aftertitleunit=\skip86
\ttl@plus=\dimen163
\ttl@minus=\dimen164
\ttl@toksa=\toks21
\titlewidth=\dimen165
\titlewidthlast=\dimen166
\titlewidthfirst=\dimen167
)
(C:\Users\marce\AppData\Local\Programs\MiKTeX\tex/latex/lipsum\lipsum.sty
(C:\Users\marce\AppData\Local\Programs\MiKTeX\tex/latex/l3packages/l3keys2e\l3k
eys2e.sty
Package: l3keys2e 2025-10-09 LaTeX2e option processing using LaTeX3 keys
)
Package: lipsum 2021-09-20 v2.7 150 paragraphs of Lorem Ipsum dummy text
\g__lipsum_par_int=\count309
\l__lipsum_a_int=\count310
\l__lipsum_b_int=\count311

(C:\Users\marce\AppData\Local\Programs\MiKTeX\tex/latex/lipsum\lipsum.ltd.tex))
(C:\Users\marce\AppData\Local\Programs\MiKTeX\tex/latex/floatrow\floatrow.sty
Package: floatrow 2008/08/02 v0.3b floatrow: float package extension
\c@float@type=\count312
\float@exts=\toks22
\float@box=\box54
\@floatcapt=\box55
Package floatrow Info: Modified float package code loaded on input line 455.
Package floatrow Info: Modified rotfloat package code loaded on input line 473.

\FR@everyfloat=\toks23
\flrow@foot=\insert252
\FB@wd=\dimen168
\FBo@wd=\dimen169
\FBc@wd=\dimen170
\FBo@ht=\skip87
\FBc@ht=\skip88
\FBf@ht=\skip89
\FBo@max=\skip90
\FBc@max=\skip91
\FBf@max=\skip92
\c@FBl@b=\count313
\floatbox@depth=\count314
\c@FRobj=\count315
\c@FRsobj=\count316
\Xhsize=\skip93
\sXhsize=\skip94
\Zhsize=\skip95
\sZhsize=\skip96
\flrow@rowbox=\box56
\FR@Zunitlength=\dimen171
\c@FBcnt=\count317
\FPOScnt=\count318
\LTleft=\skip97
\LTright=\skip98
\LTleft=\skip99
\LTright=\skip100
\flrow@types=\toks24
)
(C:\Users\marce\AppData\Local\Programs\MiKTeX\tex/latex/listings\listings.sty
\lst@mode=\count319
\lst@gtempboxa=\box57
\lst@token=\toks25
\lst@length=\count320
\lst@currlwidth=\dimen172
\lst@column=\count321
\lst@pos=\count322
\lst@lostspace=\dimen173
\lst@width=\dimen174
\lst@newlines=\count323
\lst@lineno=\count324
\lst@maxwidth=\dimen175

(C:\Users\marce\AppData\Local\Programs\MiKTeX\tex/latex/listings\lstpatch.sty
File: lstpatch.sty 2025/11/14 1.11b (Carsten Heinz)
)
(C:\Users\marce\AppData\Local\Programs\MiKTeX\tex/latex/listings\lstmisc.sty
File: lstmisc.sty 2025/11/14 1.11b (Carsten Heinz)
\c@lstnumber=\count325
\lst@skipnumbers=\count326
\lst@framebox=\box58
)
(C:\Users\marce\AppData\Local\Programs\MiKTeX\tex/latex/listings\listings.cfg
File: listings.cfg 2025/11/14 1.11b listings configuration
))
Package: listings 2025/11/14 1.11b (Carsten Heinz)
==> First Aid for listings.sty no longer applied!
    Expected:
        2024/09/23 1.10c (Carsten Heinz)
    but found:
        2025/11/14 1.11b (Carsten Heinz)
    so I'm assuming it got fixed.
(C:\Users\marce\AppData\Local\Programs\MiKTeX\tex/latex/amsmath\amsmath.sty
Package: amsmath 2025/07/09 v2.17z AMS math features
\@mathmargin=\skip101

For additional information on amsmath, use the `?' option.
(C:\Users\marce\AppData\Local\Programs\MiKTeX\tex/latex/amsmath\amstext.sty
Package: amstext 2024/11/17 v2.01 AMS text

(C:\Users\marce\AppData\Local\Programs\MiKTeX\tex/latex/amsmath\amsgen.sty
File: amsgen.sty 1999/11/30 v2.0 generic functions
\@emptytoks=\toks26
\ex@=\dimen176
))
(C:\Users\marce\AppData\Local\Programs\MiKTeX\tex/latex/amsmath\amsbsy.sty
Package: amsbsy 1999/11/29 v1.2d Bold Symbols
\pmbraise@=\dimen177
)
(C:\Users\marce\AppData\Local\Programs\MiKTeX\tex/latex/amsmath\amsopn.sty
Package: amsopn 2022/04/08 v2.04 operator names
)
\inf@bad=\count327
LaTeX Info: Redefining \frac on input line 233.
\uproot@=\count328
\leftroot@=\count329
LaTeX Info: Redefining \overline on input line 398.
LaTeX Info: Redefining \colon on input line 409.
\classnum@=\count330
\DOTSCASE@=\count331
LaTeX Info: Redefining \ldots on input line 495.
LaTeX Info: Redefining \dots on input line 498.
LaTeX Info: Redefining \cdots on input line 619.
\Mathstrutbox@=\box59
\strutbox@=\box60
LaTeX Info: Redefining \big on input line 721.
LaTeX Info: Redefining \Big on input line 722.
LaTeX Info: Redefining \bigg on input line 723.
LaTeX Info: Redefining \Bigg on input line 724.
\big@size=\dimen178
LaTeX Font Info:    Redeclaring font encoding OML on input line 742.
LaTeX Font Info:    Redeclaring font encoding OMS on input line 743.
\macc@depth=\count332
LaTeX Info: Redefining \bmod on input line 904.
LaTeX Info: Redefining \pmod on input line 909.
LaTeX Info: Redefining \smash on input line 939.
LaTeX Info: Redefining \relbar on input line 969.
LaTeX Info: Redefining \Relbar on input line 970.
\c@MaxMatrixCols=\count333
\dotsspace@=\muskip17
\c@parentequation=\count334
\dspbrk@lvl=\count335
\tag@help=\toks27
\row@=\count336
\column@=\count337
\maxfields@=\count338
\andhelp@=\toks28
\eqnshift@=\dimen179
\alignsep@=\dimen180
\tagshift@=\dimen181
\tagwidth@=\dimen182
\totwidth@=\dimen183
\lineht@=\dimen184
\@envbody=\toks29
\multlinegap=\skip102
\multlinetaggap=\skip103
\mathdisplay@stack=\toks30
LaTeX Info: Redefining \[ on input line 2950.
LaTeX Info: Redefining \] on input line 2951.
)
(C:\Users\marce\AppData\Local\Programs\MiKTeX\tex/latex/amsfonts\amssymb.sty
Package: amssymb 2013/01/14 v3.01 AMS font symbols

(C:\Users\marce\AppData\Local\Programs\MiKTeX\tex/latex/amsfonts\amsfonts.sty
Package: amsfonts 2013/01/14 v3.01 Basic AMSFonts support
\symAMSa=\mathgroup4
\symAMSb=\mathgroup5
LaTeX Font Info:    Redeclaring math symbol \hbar on input line 98.
LaTeX Font Info:    Overwriting math alphabet `\mathfrak' in version `bold'
(Font)                  U/euf/m/n --> U/euf/b/n on input line 106.
)) (C:\Users\marce\AppData\Local\Programs\MiKTeX\tex/latex/enumitem\enumitem.st
y
Package: enumitem 2025/02/06 v3.11 Customized lists
\labelindent=\skip104
\enit@outerparindent=\dimen185
\enit@toks=\toks31
\enit@inbox=\box61
\enit@count@id=\count339
\enitdp@description=\count340
) (C:\Users\marce\AppData\Local\Programs\MiKTeX\tex/latex/parskip\parskip.sty
Package: parskip 2021-03-14 v2.0h non-zero parskip adjustments

(C:\Users\marce\AppData\Local\Programs\MiKTeX\tex/latex/kvoptions\kvoptions.sty
Package: kvoptions 2022-06-15 v3.15 Key value format for package options (HO)
(C:\Users\marce\AppData\Local\Programs\MiKTeX\tex/generic/ltxcmds\ltxcmds.sty
Package: ltxcmds 2023-12-04 v1.26 LaTeX kernel commands for general use (HO)
)
(C:\Users\marce\AppData\Local\Programs\MiKTeX\tex/latex/kvsetkeys\kvsetkeys.sty
Package: kvsetkeys 2022-10-05 v1.19 Key value parser (HO)
))) (C:\Users\marce\AppData\Local\Programs\MiKTeX\tex/latex/tools\longtable.sty
Package: longtable 2025-10-13 v4.24 Multi-page Table package (DPC)
\LTleft=\skip105
\LTright=\skip106
\LTpre=\skip107
\LTpost=\skip108
\LTchunksize=\count341
\LTcapwidth=\dimen186
\LT@head=\box62
\LT@firsthead=\box63
\LT@foot=\box64
\LT@lastfoot=\box65
\LT@gbox=\box66
\LT@cols=\count342
\LT@rows=\count343
\c@LT@tables=\count344
\c@LT@chunks=\count345
\LT@p@ftn=\toks32
) (C:\Users\marce\AppData\Local\Programs\MiKTeX\tex/latex/booktabs\booktabs.sty
Package: booktabs 2020/01/12 v1.61803398 Publication quality tables
\heavyrulewidth=\dimen187
\lightrulewidth=\dimen188
\cmidrulewidth=\dimen189
\belowrulesep=\dimen190
\belowbottomsep=\dimen191
\aboverulesep=\dimen192
\abovetopsep=\dimen193
\cmidrulesep=\dimen194
\cmidrulekern=\dimen195
\defaultaddspace=\dimen196
\@cmidla=\count346
\@cmidlb=\count347
\@aboverulesep=\dimen197
\@belowrulesep=\dimen198
\@thisruleclass=\count348
\@lastruleclass=\count349
\@thisrulewidth=\dimen199
)
(C:\Users\marce\AppData\Local\Programs\MiKTeX\tex/latex/datetime2\datetime2.sty
Package: datetime2 2021/03/21 v1.5.7 (NLCT) date and time formats

(C:\Users\marce\AppData\Local\Programs\MiKTeX\tex/latex/tracklang\tracklang.sty
Package: tracklang 2025/03/11 v1.6.6 (NLCT) Track Languages

(C:\Users\marce\AppData\Local\Programs\MiKTeX\tex/generic/tracklang\tracklang.t
ex)
Package tracklang Info: Tracking dialect `indonesian' (language `bahasai') on i
nput line 264.
Package tracklang Info: Tracking dialect `indonesian' (language `bahasai') on i
nput line 264.
)
(C:\Users\marce\AppData\Local\Programs\MiKTeX\tex/latex/xkeyval\xkeyval.sty
Package: xkeyval 2022/06/16 v2.9 package option processing (HA)

(C:\Users\marce\AppData\Local\Programs\MiKTeX\tex/generic/xkeyval\xkeyval.tex
(C:\Users\marce\AppData\Local\Programs\MiKTeX\tex/generic/xkeyval\xkvutils.tex
\XKV@toks=\toks33
\XKV@tempa@toks=\toks34
)
\XKV@depth=\count350
File: xkeyval.tex 2014/12/03 v2.7a key=value parser (HA)
))
Package tracklang Info: Tracking dialect `bahasai' (language `bahasai') on inpu
t line 217.

(C:\Users\marce\AppData\Local\Programs\MiKTeX\tex/latex/datetime2-bahasai\datet
ime2-bahasai.ldf
File: datetime2-bahasai.ldf 2018/01/10 v1.01
))
(C:\Users\marce\AppData\Local\Programs\MiKTeX\tex/latex/geometry\geometry.sty
Package: geometry 2020/01/02 v5.9 Page Geometry

(C:\Users\marce\AppData\Local\Programs\MiKTeX\tex/generic/iftex\ifvtex.sty
Package: ifvtex 2019/10/25 v1.7 ifvtex legacy package. Use iftex instead.

(C:\Users\marce\AppData\Local\Programs\MiKTeX\tex/generic/iftex\iftex.sty
Package: iftex 2024/12/12 v1.0g TeX engine tests
))
\Gm@cnth=\count351
\Gm@cntv=\count352
\c@Gm@tempcnt=\count353
\Gm@bindingoffset=\dimen256
\Gm@wd@mp=\dimen257
\Gm@odd@mp=\dimen258
\Gm@even@mp=\dimen259
\Gm@layoutwidth=\dimen260
\Gm@layoutheight=\dimen261
\Gm@layouthoffset=\dimen262
\Gm@layoutvoffset=\dimen263
\Gm@dimlist=\toks35

(C:\Users\marce\AppData\Local\Programs\MiKTeX\tex/latex/geometry\geometry.cfg))

(C:\Users\marce\AppData\Local\Programs\MiKTeX\tex/latex/algorithms\algorithm.st
y
Invalid UTF-8 byte or sequence at line 11 replaced by U+FFFD.
Package: algorithm 2009/08/24 v0.1 Document Style `algorithm' - floating enviro
nment
 (C:\Users\marce\AppData\Local\Programs\MiKTeX\tex/latex/base\ifthen.sty
Package: ifthen 2024/03/16 v1.1e Standard LaTeX ifthen package (DPC)
)
\c@algorithm=\count354
)
(C:\Users\marce\AppData\Local\Programs\MiKTeX\tex/latex/algorithmicx\algorithmi
cx.sty
Package: algorithmicx 2005/04/27 v1.2 Algorithmicx

Document Style algorithmicx 1.2 - a greatly improved `algorithmic' style
\c@ALG@line=\count355
\c@ALG@rem=\count356
\c@ALG@nested=\count357
\ALG@tlm=\skip109
\ALG@thistlm=\skip110
\c@ALG@Lnr=\count358
\c@ALG@blocknr=\count359
\c@ALG@storecount=\count360
\c@ALG@tmpcounter=\count361
\ALG@tmplength=\skip111
)
(C:\Users\marce\AppData\Local\Programs\MiKTeX\tex/latex/algorithmicx\algpseudoc
ode.sty
Package: algpseudocode 

Document Style - pseudocode environments for use with the `algorithmicx' style
)
(C:\Users\marce\AppData\Local\Programs\MiKTeX\tex/latex/microtype\microtype.sty
Package: microtype 2025/07/09 v3.2b Micro-typographical refinements (RS)
\MT@toks=\toks36
\MT@tempbox=\box67
\MT@count=\count362
LaTeX Info: Redefining \noprotrusionifhmode on input line 1087.
LaTeX Info: Redefining \leftprotrusion on input line 1088.
\MT@prot@toks=\toks37
LaTeX Info: Redefining \rightprotrusion on input line 1107.
LaTeX Info: Redefining \textls on input line 1449.
\MT@outer@kern=\dimen264
LaTeX Info: Redefining \microtypecontext on input line 2053.
LaTeX Info: Redefining \textmicrotypecontext on input line 2070.
\MT@listname@count=\count363

(C:\Users\marce\AppData\Local\Programs\MiKTeX\tex/latex/microtype\microtype-xet
ex.def
File: microtype-xetex.def 2025/07/09 v3.2b Definitions specific to xetex (RS)
LaTeX Info: Redefining \lsstyle on input line 443.
LaTeX Info: Redefining \lslig on input line 451.
\MT@outer@space=\skip112
)
Package microtype Info: Loading configuration file microtype.cfg.

(C:\Users\marce\AppData\Local\Programs\MiKTeX\tex/latex/microtype\microtype.cfg
File: microtype.cfg 2025/07/09 v3.2b microtype main configuration file (RS)
)
LaTeX Info: Redefining \microtypesetup on input line 3065.
) (C:\Users\marce\AppData\Local\Programs\MiKTeX\tex/latex/tools\array.sty
Package: array 2025/09/25 v2.6n Tabular extension package (FMi)
\col@sep=\dimen265
\ar@mcellbox=\box68
\extrarowheight=\dimen266
\NC@list=\toks38
\extratabsurround=\skip113
\backup@length=\skip114
\ar@cellbox=\box69
)
(C:\Users\marce\AppData\Local\Programs\MiKTeX\tex/latex/threeparttable\threepar
ttable.sty
Package: threeparttable 2003/06/13  v 3.0
\@tempboxb=\box70
)
(C:\Users\marce\AppData\Local\Programs\MiKTeX\tex/latex/tools\tabularx.sty
Package: tabularx 2023/12/11 v2.12a `tabularx' package (DPC)
\TX@col@width=\dimen267
\TX@old@table=\dimen268
\TX@old@col=\dimen269
\TX@target=\dimen270
\TX@delta=\dimen271
\TX@cols=\count364
\TX@ftn=\toks39
)
(C:\Users\marce\AppData\Local\Programs\MiKTeX\tex/latex/xcolor\xcolor.sty
Package: xcolor 2024/09/29 v3.02 LaTeX color extensions (UK)

(C:\Users\marce\AppData\Local\Programs\MiKTeX\tex/latex/graphics-cfg\color.cfg
File: color.cfg 2016/01/02 v1.6 sample color configuration
)
Package xcolor Info: Driver file: xetex.def on input line 274.
(C:\Users\marce\AppData\Local\Programs\MiKTeX\tex/latex/graphics\mathcolor.ltx)
Package xcolor Info: Model `cmy' substituted by `cmy0' on input line 1349.
Package xcolor Info: Model `RGB' extended on input line 1365.
Package xcolor Info: Model `HTML' substituted by `rgb' on input line 1367.
Package xcolor Info: Model `Hsb' substituted by `hsb' on input line 1368.
Package xcolor Info: Model `tHsb' substituted by `hsb' on input line 1369.
Package xcolor Info: Model `HSB' substituted by `hsb' on input line 1370.
Package xcolor Info: Model `Gray' substituted by `gray' on input line 1371.
Package xcolor Info: Model `wave' substituted by `hsb' on input line 1372.
) (C:\Users\marce\AppData\Local\Programs\MiKTeX\tex/latex/appendix\appendix.sty
Package: appendix 2020/02/08 v1.2c extra appendix facilities
\c@@pps=\count365
\c@@ppsavesec=\count366
\c@@ppsaveapp=\count367
) (C:\Users\marce\AppData\Local\Programs\MiKTeX\tex/latex/hyperref\hyperref.sty
Package: hyperref 2026-01-29 v7.01p Hypertext links for LaTeX

(C:\Users\marce\AppData\Local\Programs\MiKTeX\tex/generic/kvdefinekeys\kvdefine
keys.sty
Package: kvdefinekeys 2019-12-19 v1.6 Define keys (HO)
)
(C:\Users\marce\AppData\Local\Programs\MiKTeX\tex/generic/pdfescape\pdfescape.s
ty
Package: pdfescape 2019/12/09 v1.15 Implements pdfTeX's escape features (HO)

(C:\Users\marce\AppData\Local\Programs\MiKTeX\tex/generic/pdftexcmds\pdftexcmds
.sty
Package: pdftexcmds 2020-06-27 v0.33 Utility functions of pdfTeX for LuaTeX (HO
)

(C:\Users\marce\AppData\Local\Programs\MiKTeX\tex/generic/infwarerr\infwarerr.s
ty
Package: infwarerr 2019/12/03 v1.5 Providing info/warning/error messages (HO)
)
Package pdftexcmds Info: \pdf@primitive is available.
Package pdftexcmds Info: \pdf@ifprimitive is available.
Package pdftexcmds Info: \pdfdraftmode not found.
))
(C:\Users\marce\AppData\Local\Programs\MiKTeX\tex/latex/hycolor\hycolor.sty
Package: hycolor 2020-01-27 v1.10 Color options for hyperref/bookmark (HO)
)
(C:\Users\marce\AppData\Local\Programs\MiKTeX\tex/latex/hyperref\nameref.sty
Package: nameref 2026-01-29 v2.58 Cross-referencing by name of section

(C:\Users\marce\AppData\Local\Programs\MiKTeX\tex/latex/refcount\refcount.sty
Package: refcount 2019/12/15 v3.6 Data extraction from label references (HO)
)
(C:\Users\marce\AppData\Local\Programs\MiKTeX\tex/generic/gettitlestring\gettit
lestring.sty
Package: gettitlestring 2019/12/15 v1.6 Cleanup title references (HO)
)
\c@section@level=\count368
)
(C:\Users\marce\AppData\Local\Programs\MiKTeX\tex/generic/stringenc\stringenc.s
ty
Package: stringenc 2019/11/29 v1.12 Convert strings between diff. encodings (HO
)
)
\@linkdim=\dimen272
\Hy@linkcounter=\count369
\Hy@pagecounter=\count370
 (C:\Users\marce\AppData\Local\Programs\MiKTeX\tex/latex/hyperref\pd1enc.def
File: pd1enc.def 2026-01-29 v7.01p Hyperref: PDFDocEncoding definition (HO)
) (C:\Users\marce\AppData\Local\Programs\MiKTeX\tex/generic/intcalc\intcalc.sty
Package: intcalc 2019/12/15 v1.3 Expandable calculations with integers (HO)
)
\Hy@SavedSpaceFactor=\count371
 (C:\Users\marce\AppData\Local\Programs\MiKTeX\tex/latex/hyperref\puenc.def
File: puenc.def 2026-01-29 v7.01p Hyperref: PDF Unicode definition (HO)
)
Package hyperref Info: Hyper figures OFF on input line 4201.
Package hyperref Info: Link nesting OFF on input line 4206.
Package hyperref Info: Hyper index ON on input line 4209.
Package hyperref Info: Plain pages OFF on input line 4216.
Package hyperref Info: Backreferencing OFF on input line 4221.
Package hyperref Info: Implicit mode ON; LaTeX internals redefined.
Package hyperref Info: Bookmarks ON on input line 4468.
\c@Hy@tempcnt=\count372

(C:\Users\marce\AppData\Local\Programs\MiKTeX\tex/latex/url\url.sty
\Urlmuskip=\muskip18
Package: url 2013/09/16  ver 3.4  Verb mode for urls, etc.
)
LaTeX Info: Redefining \url on input line 4807.
\XeTeXLinkMargin=\dimen273

(C:\Users\marce\AppData\Local\Programs\MiKTeX\tex/generic/bitset\bitset.sty
Package: bitset 2019/12/09 v1.3 Handle bit-vector datatype (HO)

(C:\Users\marce\AppData\Local\Programs\MiKTeX\tex/generic/bigintcalc\bigintcalc
.sty
Package: bigintcalc 2019/12/15 v1.5 Expandable calculations on big integers (HO
)
))
\Fld@menulength=\count373
\Field@Width=\dimen274
\Fld@charsize=\dimen275
Package hyperref Info: Hyper figures OFF on input line 6084.
Package hyperref Info: Link nesting OFF on input line 6089.
Package hyperref Info: Hyper index ON on input line 6092.
Package hyperref Info: backreferencing OFF on input line 6099.
Package hyperref Info: Link coloring OFF on input line 6104.
Package hyperref Info: Link coloring with OCG OFF on input line 6109.
Package hyperref Info: PDF/A mode OFF on input line 6114.
\Hy@abspage=\count374
\c@Item=\count375
\c@Hfootnote=\count376
)
Package hyperref Info: Driver (autodetected): hxetex.

(C:\Users\marce\AppData\Local\Programs\MiKTeX\tex/latex/hyperref\hxetex.def
File: hxetex.def 2026-01-29 v7.01p Hyperref driver for XeTeX
\pdfm@box=\box71
\c@Hy@AnnotLevel=\count377
\HyField@AnnotCount=\count378
\Fld@listcount=\count379
\c@bookmark@seq@number=\count380

(C:\Users\marce\AppData\Local\Programs\MiKTeX\tex/latex/rerunfilecheck\rerunfil
echeck.sty
Package: rerunfilecheck 2025-06-21 v1.11 Rerun checks for auxiliary files (HO)

(C:\Users\marce\AppData\Local\Programs\MiKTeX\tex/generic/uniquecounter\uniquec
ounter.sty
Package: uniquecounter 2019/12/15 v1.4 Provide unlimited unique counter (HO)
)
Package uniquecounter Info: New unique counter `rerunfilecheck' on input line 2
84.
)
\Hy@SectionHShift=\skip115
)

Package fontspec Info: 
(fontspec)             Font family 'TimesNewRoman(0)' created for font 'Times
(fontspec)             New Roman' with options [Ligatures=TeX].
(fontspec)              
(fontspec)              This font family consists of the following NFSS
(fontspec)             series/shapes:
(fontspec)              
(fontspec)             - 'normal' (m/n) with NFSS spec.: <->"Times New
(fontspec)             Roman/OT:script=latn;language=dflt;mapping=tex-text;"
(fontspec)             - 'small caps'  (m/sc) with NFSS spec.: <->"Times New
(fontspec)             Roman/OT:script=latn;language=dflt;+smcp;mapping=tex-tex
t;"
(fontspec)             - 'bold' (b/n) with NFSS spec.: <->"Times New
(fontspec)             Roman/B/OT:script=latn;language=dflt;mapping=tex-text;"
(fontspec)             - 'bold small caps'  (b/sc) with NFSS spec.: <->"Times
(fontspec)             New
(fontspec)             Roman/B/OT:script=latn;language=dflt;+smcp;mapping=tex-t
ext;"
(fontspec)             - 'italic' (m/it) with NFSS spec.: <->"Times New
(fontspec)             Roman/I/OT:script=latn;language=dflt;mapping=tex-text;"
(fontspec)             - 'italic small caps'  (m/scit) with NFSS spec.:
(fontspec)             <->"Times New
(fontspec)             Roman/I/OT:script=latn;language=dflt;+smcp;mapping=tex-t
ext;"
(fontspec)             - 'bold italic' (b/it) with NFSS spec.: <->"Times New
(fontspec)             Roman/BI/OT:script=latn;language=dflt;mapping=tex-text;"

(fontspec)             - 'bold italic small caps'  (b/scit) with NFSS spec.:
(fontspec)             <->"Times New
(fontspec)             Roman/BI/OT:script=latn;language=dflt;+smcp;mapping=tex-
text;"


(C:\Users\marce\AppData\Local\Programs\MiKTeX\tex/latex/biblatex-chicago\biblat
ex-chicago.sty
Package: biblatex-chicago 2022/07/02 v 3.18 biblatex style

(C:\Users\marce\AppData\Local\Programs\MiKTeX\tex/latex/xstring\xstring.sty
(C:\Users\marce\AppData\Local\Programs\MiKTeX\tex/generic/xstring\xstring.tex
\xs_counta=\count381
\xs_countb=\count382
)
Package: xstring 2023/08/22 v1.86 String manipulations (CT)
) (C:\Users\marce\AppData\Local\Programs\MiKTeX\tex/latex/biblatex\biblatex.sty
Package: biblatex 2025/07/10 v3.21 programmable bibliographies (PK/MW)

(C:\Users\marce\AppData\Local\Programs\MiKTeX\tex/latex/logreq\logreq.sty
Package: logreq 2010/08/04 v1.0 xml request logger
\lrq@indent=\count383

(C:\Users\marce\AppData\Local\Programs\MiKTeX\tex/latex/logreq\logreq.def
File: logreq.def 2010/08/04 v1.0 logreq spec v1.0
))
\c@tabx@nest=\count384
\c@listtotal=\count385
\c@listcount=\count386
\c@liststart=\count387
\c@liststop=\count388
\c@citecount=\count389
\c@citetotal=\count390
\c@multicitecount=\count391
\c@multicitetotal=\count392
\c@instcount=\count393
\c@maxnames=\count394
\c@minnames=\count395
\c@maxitems=\count396
\c@minitems=\count397
\c@citecounter=\count398
\c@maxcitecounter=\count399
\c@savedcitecounter=\count400
\c@uniquelist=\count401
\c@uniquename=\count402
\c@refsection=\count403
\c@refsegment=\count404
\c@maxextratitle=\count405
\c@maxextratitleyear=\count406
\c@maxextraname=\count407
\c@maxextradate=\count408
\c@maxextraalpha=\count409
\c@abbrvpenalty=\count410
\c@highnamepenalty=\count411
\c@lownamepenalty=\count412
\c@maxparens=\count413
\c@parenlevel=\count414
\blx@tempcnta=\count415
\blx@tempcntb=\count416
\blx@tempcntc=\count417
\c@blx@maxsection=\count418
\blx@maxsegment@0=\count419
\blx@notetype=\count420
\blx@parenlevel@text=\count421
\blx@parenlevel@foot=\count422
\blx@sectionciteorder@0=\count423
\blx@sectionciteorderinternal@0=\count424
\blx@entrysetcounter=\count425
\blx@biblioinstance=\count426
\labelnumberwidth=\skip116
\labelalphawidth=\skip117
\biblabelsep=\skip118
\bibitemsep=\skip119
\bibnamesep=\skip120
\bibinitsep=\skip121
\bibparsep=\skip122
\bibhang=\skip123
\blx@bcfin=\read3
\blx@bcfout=\write3
\blx@langwohyphens=\language80
\c@mincomprange=\count427
\c@maxcomprange=\count428
\c@mincompwidth=\count429
Package biblatex Info: Trying to load biblatex default data model...
Package biblatex Info: ... file 'blx-dm.def' found.

(C:\Users\marce\AppData\Local\Programs\MiKTeX\tex/latex/biblatex\blx-dm.def
File: blx-dm.def 2025/07/10 v3.21 biblatex datamodel (PK/MW)
)
Package biblatex Info: Trying to load biblatex style data model...
Package biblatex Info: ... file 'chicago-authordate.dbx' not found.
Package biblatex Info: Trying to load biblatex custom data model...
Package biblatex Info: ... file 'biblatex-dm.cfg' not found.
\c@afterword=\count430
\c@savedafterword=\count431
\c@annotator=\count432
\c@savedannotator=\count433
\c@author=\count434
\c@savedauthor=\count435
\c@bookauthor=\count436
\c@savedbookauthor=\count437
\c@commentator=\count438
\c@savedcommentator=\count439
\c@editor=\count440
\c@savededitor=\count441
\c@editora=\count442
\c@savededitora=\count443
\c@editorb=\count444
\c@savededitorb=\count445
\c@editorc=\count446
\c@savededitorc=\count447
\c@foreword=\count448
\c@savedforeword=\count449
\c@holder=\count450
\c@savedholder=\count451
\c@introduction=\count452
\c@savedintroduction=\count453
\c@namea=\count454
\c@savednamea=\count455
\c@nameb=\count456
\c@savednameb=\count457
\c@namec=\count458
\c@savednamec=\count459
\c@translator=\count460
\c@savedtranslator=\count461
\c@shortauthor=\count462
\c@savedshortauthor=\count463
\c@shorteditor=\count464
\c@savedshorteditor=\count465
\c@labelname=\count466
\c@savedlabelname=\count467
\c@institution=\count468
\c@savedinstitution=\count469
\c@lista=\count470
\c@savedlista=\count471
\c@listb=\count472
\c@savedlistb=\count473
\c@listc=\count474
\c@savedlistc=\count475
\c@listd=\count476
\c@savedlistd=\count477
\c@liste=\count478
\c@savedliste=\count479
\c@listf=\count480
\c@savedlistf=\count481
\c@location=\count482
\c@savedlocation=\count483
\c@organization=\count484
\c@savedorganization=\count485
\c@origlocation=\count486
\c@savedoriglocation=\count487
\c@origpublisher=\count488
\c@savedorigpublisher=\count489
\c@publisher=\count490
\c@savedpublisher=\count491
\c@language=\count492
\c@savedlanguage=\count493
\c@origlanguage=\count494
\c@savedoriglanguage=\count495
\c@pageref=\count496
\c@savedpageref=\count497
\shorthandwidth=\skip124
\shortjournalwidth=\skip125
\shortserieswidth=\skip126
\shorttitlewidth=\skip127
\shortauthorwidth=\skip128
\shorteditorwidth=\skip129
\locallabelnumberwidth=\skip130
\locallabelalphawidth=\skip131
\localshorthandwidth=\skip132
\localshortjournalwidth=\skip133
\localshortserieswidth=\skip134
\localshorttitlewidth=\skip135
\localshortauthorwidth=\skip136
\localshorteditorwidth=\skip137
Package biblatex Info: Trying to load enhanced support for Unicode engines...
Package biblatex Info: ... file 'blx-unicode.def' found.

(C:\Users\marce\AppData\Local\Programs\MiKTeX\tex/latex/biblatex\blx-unicode.de
f)
Package biblatex Info: Trying to load compatibility code...
Package biblatex Info: ... file 'blx-compat.def' found.

(C:\Users\marce\AppData\Local\Programs\MiKTeX\tex/latex/biblatex\blx-compat.def
File: blx-compat.def 2025/07/10 v3.21 biblatex compatibility (PK/MW)
)
Package biblatex Info: Trying to load generic definitions...
Package biblatex Info: ... file 'biblatex.def' found.
 (C:\Users\marce\AppData\Local\Programs\MiKTeX\tex/latex/biblatex\biblatex.def
File: biblatex.def 2025/07/10 v3.21 biblatex compatibility (PK/MW)
\c@textcitecount=\count498
\c@textcitetotal=\count499
\c@textcitemaxnames=\count500
\c@biburlbigbreakpenalty=\count501
\c@biburlbreakpenalty=\count502
\c@biburlnumpenalty=\count503
\c@biburlucpenalty=\count504
\c@biburllcpenalty=\count505
\biburlbigskip=\muskip19
\biburlnumskip=\muskip20
\biburlucskip=\muskip21
\biburllcskip=\muskip22
\c@smartand=\count506
)
Package biblatex Info: Trying to load bibliography style 'chicago-authordate'..
.
Package biblatex Info: ... file 'chicago-authordate.bbx' found.

(C:\Users\marce\AppData\Local\Programs\MiKTeX\tex/latex/biblatex-chicago\chicag
o-authordate.bbx
File: chicago-authordate.bbx 2022/11/17 v 3.18b biblatex bibliography style
\lositemsep=\skip138
Package biblatex Info: Delimiter 'revsdnamedelim' in context '' already defined
, overwriting.
\cms@tempcnta=\count507
\cms@tempcntb=\count508
\c@bbx:relatedcount=\count509
\c@bbx:relatedtotal=\count510
)
Package biblatex Info: Trying to load citation style 'chicago-authordate'...
Package biblatex Info: ... file 'chicago-authordate.cbx' found.

(C:\Users\marce\AppData\Local\Programs\MiKTeX\tex/latex/biblatex-chicago\chicag
o-authordate.cbx
File: chicago-authordate.cbx 2022/07/02 v 3.18 biblatex citation style
Package biblatex Info: Trying to load citation style 'chicago-dates-common'...
Package biblatex Info: ... file 'chicago-dates-common.cbx' found.

(C:\Users\marce\AppData\Local\Programs\MiKTeX\tex/latex/biblatex-chicago\chicag
o-dates-common.cbx
File: chicago-dates-common.cbx 2024/04/15 v 3.20 biblatex citation style
Package biblatex Info: Redefining '\cite'.
Package biblatex Info: Redefining '\parencite'.
Package biblatex Info: Redefining '\footcite'.
Package biblatex Info: Redefining '\footcitetext'.
Package biblatex Info: Redefining '\citetitle'.
Package biblatex Info: Redefining '\footfullcite'.
Package biblatex Info: Redefining '\fullcite'.
Package biblatex Info: Redefining '\textcite'.
Package biblatex Info: Redefining '\textcites'.
Package biblatex Info: Redefining '\cites'.
Package biblatex Info: Redefining '\parencites'.
Package biblatex Info: Redefining '\footcites'.
Package biblatex Info: Redefining '\footcitetexts'.
\c@cms@punct=\count511
Package biblatex Info: Delimiter 'dateeradelim' in context '' already defined, 
overwriting.
))
Package biblatex Info: Trying to load configuration file...
Package biblatex Info: ... file 'biblatex.cfg' found.

(C:\Users\marce\AppData\Local\Programs\MiKTeX\tex/latex/biblatex\biblatex.cfg
File: biblatex.cfg 
)
Package biblatex Info: XeTeX detected.
(biblatex)             Assuming input encoding 'utf8'.
Package biblatex Info: Document encoding is UTF8 ....
Package biblatex Info: ... and expl3
(biblatex)             2026-01-19 L3 programming layer (loader) 
(biblatex)             is new enough (at least 2020/04/06),
(biblatex)             setting 'casechanger=expl3'.

(C:\Users\marce\AppData\Local\Programs\MiKTeX\tex/latex/biblatex\blx-case-expl3
.sty
Package: blx-case-expl3 2025/07/10 v3.21 expl3 case changing code for biblatex
)))
Package hyperref Info: Option `colorlinks' set `true' on input line 152.
\c@myequations=\count512
\cftbeforemyequationsskip=\skip139
\cftmyequationsindent=\skip140
\cftmyequationsnumwidth=\skip141
\c@equdepth=\count513
\cftbeforeequtitleskip=\skip142
\cftafterequtitleskip=\skip143

(C:\Users\marce\AppData\Local\Programs\MiKTeX\tex/latex/listings\lstlang1.sty
File: lstlang1.sty 2025/11/14 1.11b listings language file
)
Package csquotes Info: Checking for multilingual support...
Package csquotes Info: ... found 'babel' package.
Package csquotes Info: Adjusting default style.


Package csquotes Warning: No style for language 'indonesian'.
(csquotes)                Using fallback style on input line 342.

Package csquotes Info: Redefining alias 'default' -> 'fallback'.
(Tesis.aux
(C:\Users\marce\AppData\Local\Programs\MiKTeX\tex/generic/babel/locale/en\babel
-english.tex)
Package babel Info: Importing data for english
(babel)             from babel-en.ini. Reported on input line 54.
)
Runaway argument?
{\contentsline {table}{\numberline {IV.12}{\ignorespaces Rincian \textit \ETC.
d:/Marcel/Kuliah S2 Smart X ITB/4. Semester 4/Tesis/Latex Thesis Desain Arsitek
tur Transformasi Digital Kemhan/Tesis.tex:342: File ended while scanning use of
 \@writefile.
<inserted text> 
                \par 
l.342 \begin{document}
                      
I suspect you have forgotten a `}', causing me
to read past where you wanted me to stop.
I'll try to recover; but if the error is serious,
you'd better type `E' or `X' now and fix your file.

\openout1 = `Tesis.aux'.

LaTeX Font Info:    Checking defaults for OML/cmm/m/it on input line 342.
LaTeX Font Info:    ... okay on input line 342.
LaTeX Font Info:    Checking defaults for OMS/cmsy/m/n on input line 342.
LaTeX Font Info:    ... okay on input line 342.
LaTeX Font Info:    Checking defaults for OT1/cmr/m/n on input line 342.
LaTeX Font Info:    ... okay on input line 342.
LaTeX Font Info:    Checking defaults for T1/cmr/m/n on input line 342.
LaTeX Font Info:    ... okay on input line 342.
LaTeX Font Info:    Checking defaults for TS1/cmr/m/n on input line 342.
LaTeX Font Info:    ... okay on input line 342.
LaTeX Font Info:    Checking defaults for TU/lmr/m/n on input line 342.
LaTeX Font Info:    ... okay on input line 342.
LaTeX Font Info:    Checking defaults for OMX/cmex/m/n on input line 342.
LaTeX Font Info:    ... okay on input line 342.
LaTeX Font Info:    Checking defaults for U/cmr/m/n on input line 342.
LaTeX Font Info:    ... okay on input line 342.
LaTeX Font Info:    Checking defaults for PD1/pdf/m/n on input line 342.
LaTeX Font Info:    ... okay on input line 342.
LaTeX Font Info:    Checking defaults for PU/pdf/m/n on input line 342.
LaTeX Font Info:    ... okay on input line 342.

Package fontspec Info: 
(fontspec)             Adjusting the maths setup (use [no-math] to avoid
(fontspec)             this).

\symlegacymaths=\mathgroup6
LaTeX Font Info:    Overwriting symbol font `legacymaths' in version `bold'
(Font)                  OT1/cmr/m/n --> OT1/cmr/bx/n on input line 342.
LaTeX Font Info:    Redeclaring math accent \acute on input line 342.
LaTeX Font Info:    Redeclaring math accent \grave on input line 342.
LaTeX Font Info:    Redeclaring math accent \ddot on input line 342.
LaTeX Font Info:    Redeclaring math accent \tilde on input line 342.
LaTeX Font Info:    Redeclaring math accent \bar on input line 342.
LaTeX Font Info:    Redeclaring math accent \breve on input line 342.
LaTeX Font Info:    Redeclaring math accent \check on input line 342.
LaTeX Font Info:    Redeclaring math accent \hat on input line 342.
LaTeX Font Info:    Redeclaring math accent \dot on input line 342.
LaTeX Font Info:    Redeclaring math accent \mathring on input line 342.
LaTeX Font Info:    Redeclaring math symbol \Gamma on input line 342.
LaTeX Font Info:    Redeclaring math symbol \Delta on input line 342.
LaTeX Font Info:    Redeclaring math symbol \Theta on input line 342.
LaTeX Font Info:    Redeclaring math symbol \Lambda on input line 342.
LaTeX Font Info:    Redeclaring math symbol \Xi on input line 342.
LaTeX Font Info:    Redeclaring math symbol \Pi on input line 342.
LaTeX Font Info:    Redeclaring math symbol \Sigma on input line 342.
LaTeX Font Info:    Redeclaring math symbol \Upsilon on input line 342.
LaTeX Font Info:    Redeclaring math symbol \Phi on input line 342.
LaTeX Font Info:    Redeclaring math symbol \Psi on input line 342.
LaTeX Font Info:    Redeclaring math symbol \Omega on input line 342.
LaTeX Font Info:    Redeclaring math symbol \mathdollar on input line 342.
LaTeX Font Info:    Redeclaring symbol font `operators' on input line 342.
LaTeX Font Info:    Encoding `OT1' has changed to `TU' for symbol font
(Font)              `operators' in the math version `normal' on input line 342.

LaTeX Font Info:    Overwriting symbol font `operators' in version `normal'
(Font)                  OT1/cmr/m/n --> TU/TimesNewRoman(0)/m/n on input line 3
42.
LaTeX Font Info:    Encoding `OT1' has changed to `TU' for symbol font
(Font)              `operators' in the math version `bold' on input line 342.
LaTeX Font Info:    Overwriting symbol font `operators' in version `bold'
(Font)                  OT1/cmr/bx/n --> TU/TimesNewRoman(0)/m/n on input line 
342.
LaTeX Font Info:    Overwriting symbol font `operators' in version `normal'
(Font)                  TU/TimesNewRoman(0)/m/n --> TU/TimesNewRoman(0)/m/n on 
input line 342.
LaTeX Font Info:    Overwriting math alphabet `\mathit' in version `normal'
(Font)                  OT1/cmr/m/it --> TU/TimesNewRoman(0)/m/it on input line
 342.
LaTeX Font Info:    Overwriting math alphabet `\mathbf' in version `normal'
(Font)                  OT1/cmr/bx/n --> TU/TimesNewRoman(0)/b/n on input line 
342.
LaTeX Font Info:    Overwriting math alphabet `\mathsf' in version `normal'
(Font)                  OT1/cmss/m/n --> TU/lmss/m/n on input line 342.
LaTeX Font Info:    Overwriting math alphabet `\mathtt' in version `normal'
(Font)                  OT1/cmtt/m/n --> TU/lmtt/m/n on input line 342.
LaTeX Font Info:    Overwriting symbol font `operators' in version `bold'
(Font)                  TU/TimesNewRoman(0)/m/n --> TU/TimesNewRoman(0)/b/n on 
input line 342.
LaTeX Font Info:    Overwriting math alphabet `\mathit' in version `bold'
(Font)                  OT1/cmr/bx/it --> TU/TimesNewRoman(0)/b/it on input lin
e 342.
LaTeX Font Info:    Overwriting math alphabet `\mathsf' in version `bold'
(Font)                  OT1/cmss/bx/n --> TU/lmss/b/n on input line 342.
LaTeX Font Info:    Overwriting math alphabet `\mathtt' in version `bold'
(Font)                  OT1/cmtt/m/n --> TU/lmtt/b/n on input line 342.
Package caption Info: Begin \AtBeginDocument code.
Package caption Info: float package is loaded.
Package caption Info: floatrow package is loaded.
Package caption Info: floatrow package is loaded.
Package caption Info: hyperref package is loaded.
Package caption Info: listings package is loaded.
Package caption Info: longtable package is loaded.
(C:\Users\marce\AppData\Local\Programs\MiKTeX\tex/latex/caption\ltcaption.sty
Package: ltcaption 2021/01/08 v1.4c longtable captions (AR)
)
Package caption Info: Fixing longtable code of `floatrow' package.
Package caption Info: threeparttable package is loaded.
Package caption Info: End \AtBeginDocument code.

(C:\Users\marce\AppData\Local\Programs\MiKTeX\tex/latex/floatrow\fr-longtable.s
ty
Package: fr-longtable 2007/11/28 v0.1b (beta) floatrow: additions for longtable

\flrow@LT@lasthead=\box72
\flrow@LT@prelastfoot=\box73
\c@FBLTpage=\count514
)
\c@lstlisting=\count515

*geometry* driver: auto-detecting
*geometry* detected driver: xetex
*geometry* verbose mode - [ preamble ] result:
* driver: xetex
* paper: a4paper
* layout: <same size as paper>
* layoutoffset:(h,v)=(0.0pt,0.0pt)
* modes: twoside 
* h-part:(L,W,R)=(113.81102pt, 398.3386pt, 85.35826pt)
* v-part:(T,H,B)=(85.35826pt, 674.33032pt, 85.35826pt)
* \paperwidth=597.50787pt
* \paperheight=845.04684pt
* \textwidth=398.3386pt
* \textheight=674.33032pt
* \oddsidemargin=41.54103pt
* \evensidemargin=13.08827pt
* \topmargin=-18.78552pt
* \headheight=12.0pt
* \headsep=19.8738pt
* \topskip=12.0pt
* \footskip=30.0pt
* \marginparwidth=88.0pt
* \marginparsep=7.0pt
* \columnsep=10.0pt
* \skip\footins=10.8pt plus 4.0pt minus 2.0pt
* \hoffset=0.0pt
* \voffset=0.0pt
* \mag=1000
* \@twocolumnfalse
* \@twosidetrue
* \@mparswitchtrue
* \@reversemarginfalse
* (1in=72.27pt=25.4mm, 1cm=28.453pt)

LaTeX Info: Redefining \microtypecontext on input line 342.
Package microtype Info: Applying patch `item' on input line 342.
Package microtype Info: Applying patch `toc' on input line 342.
Package microtype Info: Applying patch `eqnum' on input line 342.

Package microtype Warning: Unable to apply patch `footnote' on input line 342.

Package microtype Info: Applying patch `verbatim' on input line 342.
LaTeX Info: Redefining \microtypesetup on input line 342.
Package microtype Info: Character protrusion enabled (level 2).
Package microtype Info: Using default protrusion set `alltext'.
Package microtype Info: No adjustment of tracking.
Package microtype Info: No adjustment of spacing.
Package microtype Info: No adjustment of kerning.
Package microtype Info: Loading generic protrusion settings for font family
(microtype)             `TimesNewRoman' (encoding: TU).
(microtype)             For optimal results, create family-specific settings.
(microtype)             See the microtype manual for details.
Package hyperref Info: Link coloring ON on input line 342.
(Tesis.out)
Runaway argument?
{chap 
d:/Marcel/Kuliah S2 Smart X ITB/4. Semester 4/Tesis/Latex Thesis Desain Arsitek
tur Transformasi Digital Kemhan/Tesis.tex:342: File ended while scanning use of
 \@@BOOKMARK.
<inserted text> 
                \par 
l.342 \begin{document}
                      
I suspect you have forgotten a `}', causing me
to read past where you wanted me to stop.
I'll try to recover; but if the error is serious,
you'd better type `E' or `X' now and fix your file.

(Tesis.out)
Runaway argument?
{chap 
d:/Marcel/Kuliah S2 Smart X ITB/4. Semester 4/Tesis/Latex Thesis Desain Arsitek
tur Transformasi Digital Kemhan/Tesis.tex:342: File ended while scanning use of
 \@@BOOKMARK.
<inserted text> 
                \par 
l.342 \begin{document}
                      
I suspect you have forgotten a `}', causing me
to read past where you wanted me to stop.
I'll try to recover; but if the error is serious,
you'd better type `E' or `X' now and fix your file.

\@outlinefile=\write4
\openout4 = `Tesis.out'.

Package biblatex Info: Trying to load language 'indonesian'...
Package biblatex Info: ... file 'indonesian.lbx' not found.

Package biblatex Warning: Language 'indonesian' not supported.
(biblatex)                Using dummy definitions on input line 342.

Package biblatex Info: XeTeX detected.
(biblatex)             Assuming input encoding 'utf8'.
Package biblatex Info: Automatic encoding selection.
(biblatex)             Assuming data encoding 'utf8'.
\openout3 = `Tesis.bcf'.

Package biblatex Info: Trying to load bibliographic data...
Package biblatex Info: ... file 'Tesis.bbl' found.
(Tesis.bbl)
Package biblatex Info: Reference section=0 on input line 342.
Package biblatex Info: Reference segment=0 on input line 342.
 (1 Halaman Judul.tex
File: images/ganesha.jpg Graphic file (type bmp)
<images/ganesha.jpg>


Package datetime2 Warning: Region `bahasai' has ignored 
(datetime2)                the following settings:
(datetime2)                showmonthname=true
 on input line 39.

[1



]) (2 Lembar Pengesahan.tex [2

]) (3 Pernyataan Orisinalitas.tex
Underfull \vbox (badness 10000) has occurred while \output is active []

 [3]
[4

]
Underfull \hbox (badness 10000) in paragraph at lines 10--12

 []


Underfull \hbox (badness 10000) in paragraph at lines 13--15

 []

LaTeX Font Info:    Trying to load font information for U+msa on input line 16.

(C:\Users\marce\AppData\Local\Programs\MiKTeX\tex/latex/amsfonts\umsa.fd
File: umsa.fd 2013/01/14 v3.01 AMS symbols A
)
(C:\Users\marce\AppData\Local\Programs\MiKTeX\tex/latex/microtype\mt-msa.cfg
File: mt-msa.cfg 2006/02/04 v1.1 microtype config. file: AMS symbols (a) (RS)
)
LaTeX Font Info:    Trying to load font information for U+msb on input line 16.


(C:\Users\marce\AppData\Local\Programs\MiKTeX\tex/latex/amsfonts\umsb.fd
File: umsb.fd 2013/01/14 v3.01 AMS symbols B
)
(C:\Users\marce\AppData\Local\Programs\MiKTeX\tex/latex/microtype\mt-msb.cfg
File: mt-msb.cfg 2005/06/01 v1.0 microtype config. file: AMS symbols (b) (RS)
)
(C:\Users\marce\AppData\Local\Programs\MiKTeX\tex/latex/microtype\mt-cmr.cfg
File: mt-cmr.cfg 2013/05/19 v2.2 microtype config. file: Computer Modern Roman 
(RS)
))
(3a Pernyataan Penggunaan AI.tex [5] [6

]
Overfull \hbox (3.43965pt too wide) in paragraph at lines 7--7
[]|\TU/TimesNewRoman(0)/b/n/12 No.| 
 []


Underfull \hbox (badness 10000) in paragraph at lines 9--9
[]|\TU/TimesNewRoman(0)/m/n/12 Claude, Cha-
 []


Underfull \hbox (badness 10000) in paragraph at lines 11--11
[]|\TU/TimesNewRoman(0)/m/n/12 Claude, Cha-
 []


Underfull \hbox (badness 10000) in paragraph at lines 15--15
[]|\TU/TimesNewRoman(0)/m/n/12 Pencarian informasi
 []


Underfull \hbox (badness 10000) in paragraph at lines 15--15
[]|\TU/TimesNewRoman(0)/m/n/12 Claude,
 []


Underfull \hbox (badness 10000) in paragraph at lines 15--15
\TU/TimesNewRoman(0)/m/n/12 ChatGPT,
 []


Underfull \hbox (badness 10000) in paragraph at lines 17--17
[]|\TU/TimesNewRoman(0)/m/n/12 Claude, Cha-
 []


Underfull \hbox (badness 2269) in paragraph at lines 19--19
[]|\TU/TimesNewRoman(0)/m/n/12 Penyusunan kode pro-
 []


Underfull \hbox (badness 10000) in paragraph at lines 19--19
[]|\TU/TimesNewRoman(0)/m/n/12 Claude, Cha-
 []


Underfull \hbox (badness 1917) in paragraph at lines 19--19
\TU/TimesNewRoman(0)/m/n/12 tGPT, GitHub
 []


Underfull \hbox (badness 10000) in paragraph at lines 21--21
[]|\TU/TimesNewRoman(0)/m/n/12 Penyusunan formula
 []


Underfull \hbox (badness 10000) in paragraph at lines 23--23
[]|\TU/TimesNewRoman(0)/m/n/12 Claude, Cha-
 []


Underfull \hbox (badness 10000) in paragraph at lines 27--27
[]|\TU/TimesNewRoman(0)/m/n/12 Penyusunan kesimpul-
 []


Overfull \hbox (13.72078pt too wide) in paragraph at lines 5--30
 [][] 
 []


Underfull \hbox (badness 10000) in paragraph at lines 33--35

 []

) (4 Abstrak.tex [7] [8

]) [9]

Package geometry Warning: `a4paper': not available in `\newgeometry'; skipped.

*geometry* verbose mode - [ newgeometry ] result:
* driver: xetex
* paper: a4paper
* layout: <same size as paper>
* layoutoffset:(h,v)=(0.0pt,0.0pt)
* modes: twoside 
* h-part:(L,W,R)=(113.81102pt, 398.3386pt, 85.35826pt)
* v-part:(T,H,B)=(85.35826pt, 674.33032pt, 85.35826pt)
* \paperwidth=597.50787pt
* \paperheight=845.04684pt
* \textwidth=398.3386pt
* \textheight=674.33032pt
* \oddsidemargin=41.54103pt
* \evensidemargin=13.08827pt
* \topmargin=-18.78552pt
* \headheight=12.0pt
* \headsep=19.8738pt
* \topskip=12.0pt
* \footskip=30.0pt
* \marginparwidth=88.0pt
* \marginparsep=7.0pt
* \columnsep=10.0pt
* \skip\footins=10.8pt plus 4.0pt minus 2.0pt
* \hoffset=0.0pt
* \voffset=0.0pt
* \mag=1000
* \@twocolumnfalse
* \@twosidetrue
* \@mparswitchtrue
* \@reversemarginfalse
* (1in=72.27pt=25.4mm, 1cm=28.453pt)

(6 Daftar Isi.tex [10


] (Tesis.toc)
\tf@toc=\write5
\openout5 = `Tesis.toc'.

) (7 Daftar Gambar.tex [11] [12

] (Tesis.lof)
\tf@lof=\write6
\openout6 = `Tesis.lof'.

) (8 Daftar Tabel.tex [13] [14

] (Tesis.lot)
\tf@lot=\write7
\openout7 = `Tesis.lot'.

) (12 Daftar Singkatan.tex [15]
[16

]
Overfull \hbox (32.96596pt too wide) in alignment at lines 15--91
 [] [] [] 
 []


ignored: Infinite glue shrinkage found in box being split [17]
ignored: Infinite glue shrinkage fo
und in box being split [18]) (13 Daftar Simbol.tex [19] [20

]) [21] [22

] (Bab I - Pendahuluan.tex
Bab I.
[1


] [2] [3]
Underfull \vbox (badness 7030) has occurred while \output is active []

 [4]

Package biblatex Warning: No localisation for language 'english' loaded.
(biblatex)                Please rerun LaTeX to ensure languages can
(biblatex)                be requested properly.


Package biblatex Warning: Bibliography string 'and' untranslated
(biblatex)                at entry 'Syamfithriani' on input line 100.


Package biblatex Warning: Using fallback definition for \mkbibdatelong.
(biblatex)                The command should be defined in the .lbx file.
(biblatex)                If you see this message, the .lbx file could not be
(biblatex)                loaded, is faulty or does not contain a definition
(biblatex)                for \mkbibdatelong.


Package biblatex Warning: Using fallback definition for \mkbibdatelong.
(biblatex)                The command should be defined in the .lbx file.
(biblatex)                If you see this message, the .lbx file could not be
(biblatex)                loaded, is faulty or does not contain a definition
(biblatex)                for \mkbibdatelong.

[5]

Package biblatex Warning: Bibliography string 'andothers' untranslated
(biblatex)                at entry 'Hevner2004' on input line 132.


Package biblatex Warning: Using fallback definition for \mkbibdatelong.
(biblatex)                The command should be defined in the .lbx file.
(biblatex)                If you see this message, the .lbx file could not be
(biblatex)                loaded, is faulty or does not contain a definition
(biblatex)                for \mkbibdatelong.

[6]

Package biblatex Warning: Using fallback definition for \mkbibdatelong.
(biblatex)                The command should be defined in the .lbx file.
(biblatex)                If you see this message, the .lbx file could not be
(biblatex)                loaded, is faulty or does not contain a definition
(biblatex)                for \mkbibdatelong.


Package biblatex Warning: Using fallback definition for \mkbibdatelong.
(biblatex)                The command should be defined in the .lbx file.
(biblatex)                If you see this message, the .lbx file could not be
(biblatex)                loaded, is faulty or does not contain a definition
(biblatex)                for \mkbibdatelong.


Package biblatex Warning: Using fallback definition for \mkbibdatelong.
(biblatex)                The command should be defined in the .lbx file.
(biblatex)                If you see this message, the .lbx file could not be
(biblatex)                loaded, is faulty or does not contain a definition
(biblatex)                for \mkbibdatelong.


Package biblatex Warning: Using fallback definition for \mkbibdatelong.
(biblatex)                The command should be defined in the .lbx file.
(biblatex)                If you see this message, the .lbx file could not be
(biblatex)                loaded, is faulty or does not contain a definition
(biblatex)                for \mkbibdatelong.


Package biblatex Warning: Using fallback definition for \mkbibdatelong.
(biblatex)                The command should be defined in the .lbx file.
(biblatex)                If you see this message, the .lbx file could not be
(biblatex)                loaded, is faulty or does not contain a definition
(biblatex)                for \mkbibdatelong.


Underfull \vbox (badness 1817) has occurred while \output is active []

 [7]
Overfull \hbox (17.46999pt too wide) in alignment at lines 187--193
 [] [] [] [] [] 
 []


Overfull \hbox (17.46999pt too wide) in alignment at lines 193--198
 [] [] [] [] [] 
 []


Underfull \hbox (badness 10000) in paragraph at lines 200--200
[]|\TU/TimesNewRoman(0)/m/it/12 Preliminary
 []


Underfull \hbox (badness 10000) in paragraph at lines 200--201
[]|\TU/TimesNewRoman(0)/m/n/12 Menentukan
 []


Underfull \hbox (badness 10000) in paragraph at lines 200--201
\TU/TimesNewRoman(0)/m/n/12 ruang lingkup,
 []


Underfull \hbox (badness 10000) in paragraph at lines 200--201
\TU/TimesNewRoman(0)/m/n/12 dan kesiapan
 []


Underfull \hbox (badness 2875) in paragraph at lines 200--201
\TU/TimesNewRoman(0)/m/n/12 organisasi dalam
 []


Underfull \hbox (badness 10000) in paragraph at lines 200--201
\TU/TimesNewRoman(0)/m/n/12 pengembang-
 []


Underfull \hbox (badness 10000) in paragraph at lines 200--201
\TU/TimesNewRoman(0)/m/n/12 an arsitektur
 []


Underfull \hbox (badness 10000) in paragraph at lines 200--201
\TU/TimesNewRoman(0)/m/n/12 transformasi
 []


Underfull \hbox (badness 10000) in paragraph at lines 201--202
[]|\TU/TimesNewRoman(0)/m/n/12 Identifikasi ruang
 []


Underfull \hbox (badness 10000) in paragraph at lines 201--202
\TU/TimesNewRoman(0)/m/n/12 digital pertahanan;
 []


Underfull \hbox (badness 10000) in paragraph at lines 201--202
\TU/TimesNewRoman(0)/m/n/12 identifikasi keterka-
 []


Underfull \hbox (badness 10000) in paragraph at lines 202--203
[]|\TU/TimesNewRoman(0)/m/n/12 Dokumen hasil
 []


Underfull \hbox (badness 10000) in paragraph at lines 202--203
\TU/TimesNewRoman(0)/m/n/12 identifikasi
 []


Underfull \hbox (badness 10000) in paragraph at lines 202--203
\TU/TimesNewRoman(0)/m/n/12 ruang lingkup
 []


Underfull \hbox (badness 10000) in paragraph at lines 202--203
\TU/TimesNewRoman(0)/m/n/12 dan regulasi
 []


Underfull \hbox (badness 10000) in paragraph at lines 204--204
[]|\TU/TimesNewRoman(0)/m/it/12 Architecture
 []


Underfull \hbox (badness 10000) in paragraph at lines 204--205
[]|\TU/TimesNewRoman(0)/m/n/12 Merumuskan
 []


Underfull \hbox (badness 10000) in paragraph at lines 204--205
\TU/TimesNewRoman(0)/m/n/12 visi, misi, dan
 []


Underfull \hbox (badness 10000) in paragraph at lines 204--205
\TU/TimesNewRoman(0)/m/n/12 tujuan strategis
 []


Underfull \hbox (badness 10000) in paragraph at lines 204--205
\TU/TimesNewRoman(0)/m/n/12 arsitektur untuk
 []


Underfull \hbox (badness 3803) in paragraph at lines 204--205
\TU/TimesNewRoman(0)/m/n/12 mendukung tran-
 []


Underfull \hbox (badness 10000) in paragraph at lines 204--205
\TU/TimesNewRoman(0)/m/n/12 sformasi digital
 []


Underfull \hbox (badness 5050) in paragraph at lines 205--206
[]|\TU/TimesNewRoman(0)/m/n/12 Menyusun visi dan
 []


Underfull \hbox (badness 3250) in paragraph at lines 205--206
\TU/TimesNewRoman(0)/m/n/12 identifikasi kebutuh-
 []


Underfull \hbox (badness 7540) in paragraph at lines 205--206
\TU/TimesNewRoman(0)/m/n/12 an strategis organi-
 []


Underfull \hbox (badness 10000) in paragraph at lines 208--208
[]|\TU/TimesNewRoman(0)/m/it/12 Business
 []


Underfull \hbox (badness 10000) in paragraph at lines 208--209
[]|\TU/TimesNewRoman(0)/m/n/12 Merancang mo-
 []


Underfull \hbox (badness 7740) in paragraph at lines 208--209
\TU/TimesNewRoman(0)/m/n/12 pertahanan yang
 []


Underfull \hbox (badness 10000) in paragraph at lines 208--209
\TU/TimesNewRoman(0)/m/n/12 efektif untuk
 []


Underfull \hbox (badness 10000) in paragraph at lines 208--209
\TU/TimesNewRoman(0)/m/n/12 mendukung ko-
 []


Underfull \hbox (badness 10000) in paragraph at lines 208--209
\TU/TimesNewRoman(0)/m/n/12 mando, kendali,
 []


Underfull \hbox (badness 10000) in paragraph at lines 208--209
\TU/TimesNewRoman(0)/m/n/12 integrasi data,
 []


Underfull \hbox (badness 10000) in paragraph at lines 208--209
\TU/TimesNewRoman(0)/m/n/12 serta kolaborasi
 []


Underfull \hbox (badness 10000) in paragraph at lines 209--210
[]|\TU/TimesNewRoman(0)/m/n/12 Pemodelan proses
 []


Underfull \hbox (badness 2285) in paragraph at lines 209--210
\TU/TimesNewRoman(0)/m/n/12 bisnis inti dan pen-
 []


Underfull \hbox (badness 10000) in paragraph at lines 209--210
\TU/TimesNewRoman(0)/m/n/12 dukung; analisis
 []


Underfull \hbox (badness 10000) in paragraph at lines 209--210
\TU/TimesNewRoman(0)/m/n/12 kesenjangan proses
 []


Underfull \hbox (badness 6792) in paragraph at lines 209--210
\TU/TimesNewRoman(0)/m/n/12 (\TU/TimesNewRoman(0)/m/it/12 as-is \TU/TimesNewRom
an(0)/m/n/12 vs. \TU/TimesNewRoman(0)/m/it/12 to-be\TU/TimesNewRoman(0)/m/n/12 
);
 []


Underfull \hbox (badness 10000) in paragraph at lines 209--210
\TU/TimesNewRoman(0)/m/n/12 identifikasi domain
 []


Underfull \hbox (badness 10000) in paragraph at lines 209--210
\TU/TimesNewRoman(0)/m/n/12 hanan; penyusunan
 []


Underfull \hbox (badness 10000) in paragraph at lines 209--210
\TU/TimesNewRoman(0)/m/it/12 business process
 []


Underfull \hbox (badness 10000) in paragraph at lines 209--210
\TU/TimesNewRoman(0)/m/it/12 model \TU/TimesNewRoman(0)/m/n/12 ekosistem
 []


Underfull \hbox (badness 10000) in paragraph at lines 212--212
[]|\TU/TimesNewRoman(0)/m/it/12 Information
 []


Underfull \hbox (badness 10000) in paragraph at lines 212--212
\TU/TimesNewRoman(0)/m/it/12 Systems
 []


Underfull \hbox (badness 10000) in paragraph at lines 212--213
[]|\TU/TimesNewRoman(0)/m/n/12 Menentukan
 []


Underfull \hbox (badness 10000) in paragraph at lines 212--213
\TU/TimesNewRoman(0)/m/n/12 kebutuhan arsi-
 []


Underfull \hbox (badness 10000) in paragraph at lines 212--213
\TU/TimesNewRoman(0)/m/n/12 tektur data dan
 []


Underfull \hbox (badness 10000) in paragraph at lines 212--213
\TU/TimesNewRoman(0)/m/n/12 aplikasi yang
 []


Underfull \hbox (badness 10000) in paragraph at lines 212--213
\TU/TimesNewRoman(0)/m/n/12 mendukung
 []


Underfull \hbox (badness 10000) in paragraph at lines 212--213
\TU/TimesNewRoman(0)/m/n/12 proses bisnis
 []


Underfull \hbox (badness 2237) in paragraph at lines 213--214
\TU/TimesNewRoman(0)/m/n/12 sain aplikasi pendu-
 []


Underfull \hbox (badness 6078) in paragraph at lines 213--214
\TU/TimesNewRoman(0)/m/n/12 kung operasi perta-
 []


Underfull \hbox (badness 10000) in paragraph at lines 214--215
\TU/TimesNewRoman(0)/m/n/12 data dan apli-
 []


Underfull \hbox (badness 3078) in paragraph at lines 214--215
\TU/TimesNewRoman(0)/m/n/12 kasi pertahanan
 []


Underfull \hbox (badness 10000) in paragraph at lines 214--215
\TU/TimesNewRoman(0)/m/n/12 (\TU/TimesNewRoman(0)/m/it/12 Data Model,
 []


Underfull \hbox (badness 10000) in paragraph at lines 214--215
\TU/TimesNewRoman(0)/m/it/12 Application
 []


Underfull \hbox (badness 10000) in paragraph at lines 216--216
[]|\TU/TimesNewRoman(0)/m/it/12 Technology
 []


Underfull \hbox (badness 10000) in paragraph at lines 216--217
[]|\TU/TimesNewRoman(0)/m/n/12 Menyusun arsi-
 []


Underfull \hbox (badness 10000) in paragraph at lines 216--217
\TU/TimesNewRoman(0)/m/n/12 tektur teknologi
 []


Underfull \hbox (badness 10000) in paragraph at lines 216--217
\TU/TimesNewRoman(0)/m/n/12 yang mencakup
 []


Underfull \hbox (badness 10000) in paragraph at lines 216--217
\TU/TimesNewRoman(0)/m/n/12 infrastruktur,
 []


Underfull \hbox (badness 10000) in paragraph at lines 216--217
\TU/TimesNewRoman(0)/m/n/12 platform, dan
 []


Underfull \hbox (badness 10000) in paragraph at lines 216--217
\TU/TimesNewRoman(0)/m/n/12 keamanan siber
 []


Underfull \hbox (badness 10000) in paragraph at lines 216--217
\TU/TimesNewRoman(0)/m/n/12 sebagai fondasi
 []


Underfull \hbox (badness 1496) in paragraph at lines 216--217
\TU/TimesNewRoman(0)/m/n/12 ekosistem digital
 []


Underfull \hbox (badness 3029) in paragraph at lines 217--218
\TU/TimesNewRoman(0)/m/n/12 teknologi target (ja-
 []


Underfull \hbox (badness 1735) in paragraph at lines 217--218
\TU/TimesNewRoman(0)/m/n/12 nologi dan protokol
 []


Underfull \hbox (badness 4569) in paragraph at lines 218--219
\TU/TimesNewRoman(0)/m/n/12 logi pertahanan
 []


Underfull \hbox (badness 10000) in paragraph at lines 218--219
\TU/TimesNewRoman(0)/m/n/12 (\TU/TimesNewRoman(0)/m/it/12 technology
 []


Underfull \hbox (badness 10000) in paragraph at lines 218--219
\TU/TimesNewRoman(0)/m/it/12 architecture
 []


Overfull \hbox (17.46999pt too wide) in alignment at lines 198--220
 [] [] [] [] [] 
 []


ignored: Infinite glue shrinkage found in box being split [8]
Underfull \vbox (badness 10000) has occurred while \output is active []

 [9]
[10]
Underfull \vbox (badness 4779) has occurred while \output is active []

 [11]
Overfull \hbox (7.54031pt too wide) in paragraph at lines 295--296
\TU/TimesNewRoman(0)/m/n/12 Metode wawancara semi-terstruktur memungkinkan peng
galian informasi yang
 []


Underfull \vbox (badness 10000) has occurred while \output is active []

 [12])
(Bab II - Studi.tex [13] [14

]
Bab II.

Overfull \hbox (20.16045pt too wide) in alignment at lines 6--11
 [] [] [] [] [] 
 []


Overfull \hbox (20.16045pt too wide) in alignment at lines 11--16
 [] [] [] [] [] 
 []


Underfull \hbox (badness 10000) in paragraph at lines 18--19
[]|\TU/TimesNewRoman(0)/m/it/12 Implementing
 []


Underfull \hbox (badness 5504) in paragraph at lines 18--19
\TU/TimesNewRoman(0)/m/it/12 Cybersecurity in
 []


Package biblatex Warning: Bibliography string 'and' untranslated
(biblatex)                at entry 'Zain2023' on input line 19.


Package biblatex Warning: Using fallback definition for \mkbibdatelong.
(biblatex)                The command should be defined in the .lbx file.
(biblatex)                If you see this message, the .lbx file could not be
(biblatex)                loaded, is faulty or does not contain a definition
(biblatex)                for \mkbibdatelong.


Underfull \hbox (badness 10000) in paragraph at lines 19--20
[]|\TU/TimesNewRoman(0)/m/n/12 Yunnyzar Mohd
 []


Underfull \hbox (badness 7740) in paragraph at lines 19--20
\TU/TimesNewRoman(0)/m/n/12 Zain, Nur Aza-
 []


Underfull \hbox (badness 4954) in paragraph at lines 19--20
\TU/TimesNewRoman(0)/m/n/12 liah Abu Bakar,
 []


Underfull \hbox (badness 10000) in paragraph at lines 19--20
\TU/TimesNewRoman(0)/m/n/12 Surya Sumarni
 []


Underfull \hbox (badness 10000) in paragraph at lines 19--20
\TU/TimesNewRoman(0)/m/n/12 Hussien (2023)
 []


Underfull \hbox (badness 10000) in paragraph at lines 19--20
\TU/TimesNewRoman(0)/m/n/12 ([][][]Zain, Sabrina
 []


Underfull \hbox (badness 10000) in paragraph at lines 19--20
[] \TU/TimesNewRoman(0)/m/n/12 Mazlan
 []


Underfull \hbox (badness 4621) in paragraph at lines 20--21
\TU/TimesNewRoman(0)/m/n/12 hanan (DefTech)
 []


Underfull \hbox (badness 2495) in paragraph at lines 20--21
\TU/TimesNewRoman(0)/m/n/12 memiliki kerang-
 []


Underfull \hbox (badness 5533) in paragraph at lines 20--21
\TU/TimesNewRoman(0)/m/n/12 belum menginte-
 []


Underfull \hbox (badness 2435) in paragraph at lines 20--21
\TU/TimesNewRoman(0)/m/n/12 an siber dan in-
 []


Underfull \hbox (badness 3758) in paragraph at lines 20--21
\TU/TimesNewRoman(0)/m/n/12 tar divisi secara
 []


Underfull \hbox (badness 10000) in paragraph at lines 21--22
[]|\TU/TimesNewRoman(0)/m/n/12 Menggunakan
 []


Underfull \hbox (badness 1509) in paragraph at lines 21--22
\TU/TimesNewRoman(0)/m/n/12 untuk mendesain
 []


Underfull \hbox (badness 6348) in paragraph at lines 21--22
\TU/TimesNewRoman(0)/m/n/12 arsitektur “as-is”
 []


Underfull \hbox (badness 10000) in paragraph at lines 21--22
\TU/TimesNewRoman(0)/m/n/12 dan “to-be” di
 []


Underfull \hbox (badness 2486) in paragraph at lines 21--22
\TU/TimesNewRoman(0)/m/n/12 Divisi keamanan
 []


Underfull \hbox (badness 10000) in paragraph at lines 21--22
\TU/TimesNewRoman(0)/m/n/12 & pertahanan
 []


Underfull \hbox (badness 10000) in paragraph at lines 21--22
\TU/TimesNewRoman(0)/m/n/12 perusahaan
 []


Underfull \hbox (badness 10000) in paragraph at lines 23--24
[]|\TU/TimesNewRoman(0)/m/it/12 Systematic Lite-
 []


Underfull \hbox (badness 10000) in paragraph at lines 23--24
\TU/TimesNewRoman(0)/m/it/12 rature Review:
 []


Underfull \hbox (badness 10000) in paragraph at lines 23--24
\TU/TimesNewRoman(0)/m/it/12 The Role of
 []


Underfull \hbox (badness 1259) in paragraph at lines 23--24
\TU/TimesNewRoman(0)/m/it/12 Enterprise Archi-
 []


Underfull \hbox (badness 10000) in paragraph at lines 23--24
\TU/TimesNewRoman(0)/m/it/12 Transformation
 []


Package biblatex Warning: Bibliography string 'and' untranslated
(biblatex)                at entry 'Syamfithriani' on input line 24.


Package biblatex Warning: Using fallback definition for \mkbibdatelong.
(biblatex)                The command should be defined in the .lbx file.
(biblatex)                If you see this message, the .lbx file could not be
(biblatex)                loaded, is faulty or does not contain a definition
(biblatex)                for \mkbibdatelong.


Underfull \hbox (badness 5105) in paragraph at lines 24--25
[]|\TU/TimesNewRoman(0)/m/n/12 Tri Septiar Sya-
 []


Underfull \hbox (badness 10000) in paragraph at lines 24--25
\TU/TimesNewRoman(0)/m/n/12 mfithriani, Yudi
 []


Underfull \hbox (badness 3954) in paragraph at lines 24--25
\TU/TimesNewRoman(0)/m/n/12 Munir, Lili Adi
 []


Underfull \hbox (badness 10000) in paragraph at lines 24--25
\TU/TimesNewRoman(0)/m/n/12 Wibowo, Agus
 []


Underfull \hbox (badness 10000) in paragraph at lines 24--25
\TU/TimesNewRoman(0)/m/n/12 Rahayu (2024)
 []


Underfull \hbox (badness 10000) in paragraph at lines 24--25
\TU/TimesNewRoman(0)/m/n/12 ([][][]Syamfithriani
 []


Underfull \hbox (badness 10000) in paragraph at lines 24--25
[] \TU/TimesNewRoman(0)/m/n/12 Wibisono
 []


Underfull \hbox (badness 10000) in paragraph at lines 25--26
[]|\TU/TimesNewRoman(0)/m/n/12 Kebutuhan un-
 []


Underfull \hbox (badness 10000) in paragraph at lines 25--26
\TU/TimesNewRoman(0)/m/n/12 tuk memahami
 []


Underfull \hbox (badness 10000) in paragraph at lines 25--26
\TU/TimesNewRoman(0)/m/n/12 bagaimana EA
 []


Underfull \hbox (badness 3780) in paragraph at lines 25--26
\TU/TimesNewRoman(0)/m/n/12 mendukung digi-
 []


Underfull \hbox (badness 10000) in paragraph at lines 25--26
\TU/TimesNewRoman(0)/m/n/12 (DT) pada era
 []


Underfull \hbox (badness 10000) in paragraph at lines 25--26
\TU/TimesNewRoman(0)/m/n/12 Industri 4.0:
 []


Underfull \hbox (badness 10000) in paragraph at lines 25--26
\TU/TimesNewRoman(0)/m/n/12 teknologi baru,
 []


Underfull \hbox (badness 10000) in paragraph at lines 25--26
\TU/TimesNewRoman(0)/m/n/12 kerangka kerja
 []


Underfull \hbox (badness 3746) in paragraph at lines 25--26
\TU/TimesNewRoman(0)/m/n/12 EA yang makin
 []


Underfull \hbox (badness 7631) in paragraph at lines 26--27
[]|\TU/TimesNewRoman(0)/m/n/12 Melakukan SLR
 []


Underfull \hbox (badness 10000) in paragraph at lines 26--27
\TU/TimesNewRoman(0)/m/n/12 (\TU/TimesNewRoman(0)/m/it/12 systematic lite-
 []


Underfull \hbox (badness 10000) in paragraph at lines 26--27
\TU/TimesNewRoman(0)/m/it/12 rature review\TU/TimesNewRoman(0)/m/n/12 )
 []


Underfull \hbox (badness 10000) in paragraph at lines 26--27
\TU/TimesNewRoman(0)/m/n/12 pada literatur
 []


Underfull \hbox (badness 10000) in paragraph at lines 26--27
\TU/TimesNewRoman(0)/m/n/12 2018-2022 di
 []


Underfull \hbox (badness 10000) in paragraph at lines 26--27
\TU/TimesNewRoman(0)/m/n/12 sektor industri
 []


Underfull \hbox (badness 5504) in paragraph at lines 26--27
\TU/TimesNewRoman(0)/m/n/12 untuk mengiden-
 []


Underfull \hbox (badness 10000) in paragraph at lines 26--27
\TU/TimesNewRoman(0)/m/n/12 tifikasi peranan
 []


Underfull \hbox (badness 10000) in paragraph at lines 28--29
[]|\TU/TimesNewRoman(0)/m/it/12 Benefits of
 []


Underfull \hbox (badness 10000) in paragraph at lines 28--29
\TU/TimesNewRoman(0)/m/it/12 Digital Tran-
 []


Underfull \hbox (badness 10000) in paragraph at lines 28--29
\TU/TimesNewRoman(0)/m/it/12 sformation and
 []


Underfull \hbox (badness 10000) in paragraph at lines 28--29
\TU/TimesNewRoman(0)/m/it/12 Implementation
 []


Underfull \hbox (badness 10000) in paragraph at lines 28--29
\TU/TimesNewRoman(0)/m/it/12 A Literature
 []


Underfull \hbox (badness 10000) in paragraph at lines 30--31
\TU/TimesNewRoman(0)/m/n/12 an menghadapi
 []


Underfull \hbox (badness 10000) in paragraph at lines 30--31
\TU/TimesNewRoman(0)/m/n/12 kebutuhan digi-
 []


Underfull \hbox (badness 10000) in paragraph at lines 30--31
\TU/TimesNewRoman(0)/m/n/12 talisasi, tetapi
 []


Underfull \hbox (badness 10000) in paragraph at lines 30--31
\TU/TimesNewRoman(0)/m/n/12 literatur belum
 []


Underfull \hbox (badness 10000) in paragraph at lines 30--31
\TU/TimesNewRoman(0)/m/n/12 dan keuntungan
 []


Underfull \hbox (badness 10000) in paragraph at lines 30--31
\TU/TimesNewRoman(0)/m/n/12 implementasi
 []


Underfull \hbox (badness 10000) in paragraph at lines 30--31
\TU/TimesNewRoman(0)/m/n/12 DT di sektor
 []


Underfull \hbox (badness 10000) in paragraph at lines 31--32
[]|\TU/TimesNewRoman(0)/m/n/12 Mereview litera-
 []


Underfull \hbox (badness 10000) in paragraph at lines 31--32
\TU/TimesNewRoman(0)/m/n/12 tur (2015-2021)
 []


Underfull \hbox (badness 10000) in paragraph at lines 31--32
\TU/TimesNewRoman(0)/m/n/12 tentang digital
 []


Underfull \hbox (badness 2486) in paragraph at lines 31--32
\TU/TimesNewRoman(0)/m/n/12 berbagai industri
 []


Underfull \hbox (badness 3803) in paragraph at lines 31--32
\TU/TimesNewRoman(0)/m/n/12 posisi penerapan
 []


Underfull \hbox (badness 10000) in paragraph at lines 31--32
\TU/TimesNewRoman(0)/m/n/12 untuk industri
 []


Underfull \hbox (badness 10000) in paragraph at lines 33--34
[]|\TU/TimesNewRoman(0)/m/it/12 Governance of
 []


Underfull \hbox (badness 10000) in paragraph at lines 33--34
\TU/TimesNewRoman(0)/m/it/12 Digital Tran-
 []


Underfull \hbox (badness 10000) in paragraph at lines 33--34
\TU/TimesNewRoman(0)/m/it/12 sformation: As
 []


Underfull \hbox (badness 3039) in paragraph at lines 33--34
\TU/TimesNewRoman(0)/m/it/12 observed in two
 []


Package biblatex Warning: Using fallback definition for \mkbibdatelong.
(biblatex)                The command should be defined in the .lbx file.
(biblatex)                If you see this message, the .lbx file could not be
(biblatex)                loaded, is faulty or does not contain a definition
(biblatex)                for \mkbibdatelong.


Underfull \hbox (badness 10000) in paragraph at lines 34--35
[]|\TU/TimesNewRoman(0)/m/n/12 J. Kai Mattila
 []


Underfull \hbox (badness 10000) in paragraph at lines 34--35
\TU/TimesNewRoman(0)/m/n/12 (2022) ([][][]Mattila
 []


Underfull \hbox (badness 10000) in paragraph at lines 35--36
[]|\TU/TimesNewRoman(0)/m/n/12 Transformasi
 []


Underfull \hbox (badness 10000) in paragraph at lines 35--36
\TU/TimesNewRoman(0)/m/n/12 digital di orga-
 []


Underfull \hbox (badness 10000) in paragraph at lines 35--36
\TU/TimesNewRoman(0)/m/n/12 nisasi militer
 []


Underfull \hbox (badness 1132) in paragraph at lines 35--36
\TU/TimesNewRoman(0)/m/n/12 sangat kompleks:
 []


Underfull \hbox (badness 10000) in paragraph at lines 35--36
\TU/TimesNewRoman(0)/m/n/12 banyak proses,
 []


Underfull \hbox (badness 5652) in paragraph at lines 35--36
\TU/TimesNewRoman(0)/m/n/12 sistem, manusia,
 []


Underfull \hbox (badness 10000) in paragraph at lines 35--36
\TU/TimesNewRoman(0)/m/n/12 teknologi—dan
 []


Underfull \hbox (badness 10000) in paragraph at lines 35--36
\TU/TimesNewRoman(0)/m/n/12 sering gagal
 []


Underfull \hbox (badness 10000) in paragraph at lines 36--37
[]|\TU/TimesNewRoman(0)/m/n/12 Menganalisis
 []


Underfull \hbox (badness 10000) in paragraph at lines 36--37
\TU/TimesNewRoman(0)/m/n/12 la (governance)
 []


Underfull \hbox (badness 10000) in paragraph at lines 36--37
\TU/TimesNewRoman(0)/m/n/12 yang diterapkan
 []


Underfull \hbox (badness 3049) in paragraph at lines 36--37
\TU/TimesNewRoman(0)/m/n/12 dalam dua studi
 []


Underfull \hbox (badness 1117) in paragraph at lines 36--37
\TU/TimesNewRoman(0)/m/n/12 kasus militer un-
 []


Underfull \hbox (badness 10000) in paragraph at lines 36--37
\TU/TimesNewRoman(0)/m/n/12 tuk mendukung
 []


Underfull \hbox (badness 10000) in paragraph at lines 36--37
\TU/TimesNewRoman(0)/m/n/12 transformasi
 []


Underfull \hbox (badness 10000) in paragraph at lines 38--39
[]|\TU/TimesNewRoman(0)/m/it/12 Enabling Open
 []


Underfull \hbox (badness 10000) in paragraph at lines 38--39
\TU/TimesNewRoman(0)/m/it/12 Architecture in
 []


Underfull \hbox (badness 7081) in paragraph at lines 38--39
\TU/TimesNewRoman(0)/m/it/12 A Systemic and
 []


Package biblatex Warning: Bibliography string 'and' untranslated
(biblatex)                at entry 'Radoman2025' on input line 39.


Package biblatex Warning: Using fallback definition for \mkbibdatelong.
(biblatex)                The command should be defined in the .lbx file.
(biblatex)                If you see this message, the .lbx file could not be
(biblatex)                loaded, is faulty or does not contain a definition
(biblatex)                for \mkbibdatelong.


Underfull \hbox (badness 5077) in paragraph at lines 39--40
[]|\TU/TimesNewRoman(0)/m/n/12 R. L. V. R. et
 []


Underfull \hbox (badness 10000) in paragraph at lines 39--40
\TU/TimesNewRoman(0)/m/n/12 al.(2023) ([][][]Rado-
 []


Underfull \hbox (badness 10000) in paragraph at lines 39--40
\TU/TimesNewRoman(0)/m/n/12 man, Henshaw
 []


Underfull \hbox (badness 10000) in paragraph at lines 40--41
[]|\TU/TimesNewRoman(0)/m/n/12 Sistem militer
 []


Underfull \hbox (badness 10000) in paragraph at lines 40--41
\TU/TimesNewRoman(0)/m/n/12 menghadapi:
 []


Underfull \hbox (badness 10000) in paragraph at lines 40--41
\TU/TimesNewRoman(0)/m/it/12 obsolescence\TU/TimesNewRoman(0)/m/n/12 ,
 []


Underfull \hbox (badness 10000) in paragraph at lines 40--41
\TU/TimesNewRoman(0)/m/n/12 berkembang-
 []


Underfull \hbox (badness 10000) in paragraph at lines 40--41
\TU/TimesNewRoman(0)/m/n/12 nya kebutuhan
 []


Underfull \hbox (badness 10000) in paragraph at lines 40--41
\TU/TimesNewRoman(0)/m/n/12 operasional,
 []


Underfull \hbox (badness 10000) in paragraph at lines 40--41
\TU/TimesNewRoman(0)/m/n/12 inter-operabilitas
 []


Underfull \hbox (badness 10000) in paragraph at lines 40--41
\TU/TimesNewRoman(0)/m/n/12 dalam SoS; ba-
 []


Underfull \hbox (badness 10000) in paragraph at lines 40--41
\TU/TimesNewRoman(0)/m/n/12 nyak hambatan
 []


Underfull \hbox (badness 10000) in paragraph at lines 40--41
\TU/TimesNewRoman(0)/m/n/12 dan organisasio-
 []


Underfull \hbox (badness 10000) in paragraph at lines 41--42
[]|\TU/TimesNewRoman(0)/m/n/12 Memberikan
 []


Underfull \hbox (badness 10000) in paragraph at lines 41--42
\TU/TimesNewRoman(0)/m/n/12 analisis menye-
 []


Underfull \hbox (badness 10000) in paragraph at lines 41--42
\TU/TimesNewRoman(0)/m/n/12 luruh (holistik)
 []


Underfull \hbox (badness 10000) in paragraph at lines 41--42
\TU/TimesNewRoman(0)/m/n/12 terhadap pene-
 []


Underfull \hbox (badness 10000) in paragraph at lines 41--42
\TU/TimesNewRoman(0)/m/n/12 rapan arsitektur
 []


Underfull \hbox (badness 10000) in paragraph at lines 41--42
\TU/TimesNewRoman(0)/m/n/12 terbuka (\TU/TimesNewRoman(0)/m/it/12 Open
 []


Underfull \hbox (badness 10000) in paragraph at lines 43--44
[]|\TU/TimesNewRoman(0)/m/it/12 Architecture
 []


Underfull \hbox (badness 10000) in paragraph at lines 43--44
\TU/TimesNewRoman(0)/m/it/12 Design Spa-
 []


Underfull \hbox (badness 10000) in paragraph at lines 43--44
\TU/TimesNewRoman(0)/m/it/12 ce Generation
 []


Underfull \hbox (badness 10000) in paragraph at lines 43--44
\TU/TimesNewRoman(0)/m/it/12 via Decision
 []


Underfull \hbox (badness 10000) in paragraph at lines 43--44
\TU/TimesNewRoman(0)/m/it/12 Pattern-Guided
 []


Underfull \hbox (badness 10000) in paragraph at lines 43--44
\TU/TimesNewRoman(0)/m/it/12 Department of
 []


Underfull \hbox (badness 10000) in paragraph at lines 43--44
\TU/TimesNewRoman(0)/m/it/12 Defense Archite-
 []


Package biblatex Warning: Bibliography string 'and' untranslated
(biblatex)                at entry 'Fang2024' on input line 44.


Package biblatex Warning: Using fallback definition for \mkbibdatelong.
(biblatex)                The command should be defined in the .lbx file.
(biblatex)                If you see this message, the .lbx file could not be
(biblatex)                loaded, is faulty or does not contain a definition
(biblatex)                for \mkbibdatelong.


Underfull \hbox (badness 1565) in paragraph at lines 44--45
\TU/TimesNewRoman(0)/m/n/12 ngyun Li (2024)
 []


Underfull \hbox (badness 10000) in paragraph at lines 45--46
[]|\TU/TimesNewRoman(0)/m/n/12 Kompleksitas
 []


Underfull \hbox (badness 10000) in paragraph at lines 45--46
\TU/TimesNewRoman(0)/m/n/12 tinggi dalam
 []


Underfull \hbox (badness 10000) in paragraph at lines 45--46
\TU/TimesNewRoman(0)/m/n/12 desain arsi-
 []


Underfull \hbox (badness 10000) in paragraph at lines 45--46
\TU/TimesNewRoman(0)/m/n/12 tektur sistem
 []


Underfull \hbox (badness 10000) in paragraph at lines 45--46
\TU/TimesNewRoman(0)/m/n/12 dan \TU/TimesNewRoman(0)/m/it/12 system-of-
 []


Underfull \hbox (badness 10000) in paragraph at lines 45--46
\TU/TimesNewRoman(0)/m/it/12 systems (SoS)\TU/TimesNewRoman(0)/m/n/12 ;
 []


Underfull \hbox (badness 10000) in paragraph at lines 45--46
\TU/TimesNewRoman(0)/m/n/12 keputusan ar-
 []


Underfull \hbox (badness 10000) in paragraph at lines 45--46
\TU/TimesNewRoman(0)/m/n/12 sitektur sering
 []


Underfull \hbox (badness 10000) in paragraph at lines 45--46
\TU/TimesNewRoman(0)/m/n/12 dilakukan tanpa
 []


Underfull \hbox (badness 10000) in paragraph at lines 46--47
[]|\TU/TimesNewRoman(0)/m/n/12 Menggabungkan
 []


Underfull \hbox (badness 10000) in paragraph at lines 46--47
\TU/TimesNewRoman(0)/m/n/12 pola keputusan
 []


Underfull \hbox (badness 1122) in paragraph at lines 46--47
\TU/TimesNewRoman(0)/m/n/12 formal ke dalam
 []


Underfull \hbox (badness 10000) in paragraph at lines 46--47
\TU/TimesNewRoman(0)/m/n/12 EA/DoDAF
 []


Underfull \hbox (badness 10000) in paragraph at lines 46--47
\TU/TimesNewRoman(0)/m/n/12 untuk konteks
 []


Underfull \hbox (badness 1132) in paragraph at lines 46--47
\TU/TimesNewRoman(0)/m/n/12 militer; terutama
 []


Underfull \hbox (badness 10000) in paragraph at lines 46--47
\TU/TimesNewRoman(0)/m/n/12 terkait ruang
 []


Underfull \hbox (badness 10000) in paragraph at lines 46--47
\TU/TimesNewRoman(0)/m/n/12 desain arsitektur
 []


Underfull \hbox (badness 10000) in paragraph at lines 46--47
\TU/TimesNewRoman(0)/m/n/12 (\TU/TimesNewRoman(0)/m/it/12 design-space\TU/Times
NewRoman(0)/m/n/12 )
 []


Underfull \hbox (badness 10000) in paragraph at lines 46--47
\TU/TimesNewRoman(0)/m/n/12 sistem pertahan-
 []


Overfull \hbox (20.16045pt too wide) in alignment at lines 16--48
 [] [] [] [] [] 
 []


ignored: Infinite glue shrinkage found in box being split [15

]
ignored: Infinite glue shrinkage found in box being split [16]
File: images/DT_Verkuli.png Graphic file (type bmp)
<images/DT_Verkuli.png>


LaTeX Warning: `h' float specifier changed to `ht'.


Package biblatex Warning: Bibliography string 'andothers' untranslated
(biblatex)                at entry 'Verkuli2019' on input line 71.


Package biblatex Warning: Using fallback definition for \mkbibdatelong.
(biblatex)                The command should be defined in the .lbx file.
(biblatex)                If you see this message, the .lbx file could not be
(biblatex)                loaded, is faulty or does not contain a definition
(biblatex)                for \mkbibdatelong.

[17]
File: images/DT_Canvas.png Graphic file (type bmp)
<images/DT_Canvas.png>


Package biblatex Warning: Bibliography string 'andothers' untranslated
(biblatex)                at entry 'Elia2024' on input line 80.


Package biblatex Warning: Using fallback definition for \mkbibdatelong.
(biblatex)                The command should be defined in the .lbx file.
(biblatex)                If you see this message, the .lbx file could not be
(biblatex)                loaded, is faulty or does not contain a definition
(biblatex)                for \mkbibdatelong.

File: images/DT_Nasional.png Graphic file (type bmp)
<images/DT_Nasional.png>

LaTeX Warning: `h' float specifier changed to `ht'.


Package biblatex Warning: Using fallback definition for \mkbibdatelong.
(biblatex)                The command should be defined in the .lbx file.
(biblatex)                If you see this message, the .lbx file could not be
(biblatex)                loaded, is faulty or does not contain a definition
(biblatex)                for \mkbibdatelong.

[18] [19]

Package biblatex Warning: Using fallback definition for \mkbibdatelong.
(biblatex)                The command should be defined in the .lbx file.
(biblatex)                If you see this message, the .lbx file could not be
(biblatex)                loaded, is faulty or does not contain a definition
(biblatex)                for \mkbibdatelong.

File: images/DoD_Digital_Modernization_Strategy.png Graphic file (type bmp)
<images/DoD_Digital_Modernization_Strategy.png>

Package biblatex Warning: Using fallback definition for \mkbibdatelong.
(biblatex)                The command should be defined in the .lbx file.
(biblatex)                If you see this message, the .lbx file could not be
(biblatex)                loaded, is faulty or does not contain a definition
(biblatex)                for \mkbibdatelong.


Package biblatex-chicago Warning: Empty Ibidem citation on input line 131.


LaTeX Warning: `h' float specifier changed to `ht'.


Underfull \vbox (badness 3460) has occurred while \output is active []

 [20]

Package biblatex Warning: Bibliography string 'and' untranslated
(biblatex)                at entry 'Matthews2024' on input line 152.


Package biblatex Warning: Using fallback definition for \mkbibdatelong.
(biblatex)                The command should be defined in the .lbx file.
(biblatex)                If you see this message, the .lbx file could not be
(biblatex)                loaded, is faulty or does not contain a definition
(biblatex)                for \mkbibdatelong.


Underfull \vbox (badness 10000) has occurred while \output is active []

 [21]
File: images/Singapore_Total_Defence.png Graphic file (type bmp)
<images/Singapore_Total_Defence.png>

[22]

Package biblatex Warning: Using fallback definition for \mkbibdatelong.
(biblatex)                The command should be defined in the .lbx file.
(biblatex)                If you see this message, the .lbx file could not be
(biblatex)                loaded, is faulty or does not contain a definition
(biblatex)                for \mkbibdatelong.


Package biblatex Warning: Using fallback definition for \mkbibdatelong.
(biblatex)                The command should be defined in the .lbx file.
(biblatex)                If you see this message, the .lbx file could not be
(biblatex)                loaded, is faulty or does not contain a definition
(biblatex)                for \mkbibdatelong.


Overfull \hbox (0.76758pt too wide) in paragraph at lines 184--186
\TU/TimesNewRoman(0)/m/n/12 rian Komunikasi dan Informatika [][]2018[][][][]), 
dan ([][][]Republik Indonesia [][]2023[][][][]) meng-
 []


Underfull \vbox (badness 10000) has occurred while \output is active []

 [23]

Package biblatex Warning: Bibliography string 'nodate' untranslated
(biblatex)                at entry 'scribd_network_centric_warfare' on input li
ne 205.

[24]
File: images/Arsitektur_NCW.png Graphic file (type bmp)
<images/Arsitektur_NCW.png>


Package biblatex Warning: Bibliography string 'and' untranslated
(biblatex)                at entry 'Koch2015' on input line 232.


Package biblatex Warning: Using fallback definition for \mkbibdatelong.
(biblatex)                The command should be defined in the .lbx file.
(biblatex)                If you see this message, the .lbx file could not be
(biblatex)                loaded, is faulty or does not contain a definition
(biblatex)                for \mkbibdatelong.

[25] [26]

Package biblatex Warning: Using fallback definition for \mkbibdatelong.
(biblatex)                The command should be defined in the .lbx file.
(biblatex)                If you see this message, the .lbx file could not be
(biblatex)                loaded, is faulty or does not contain a definition
(biblatex)                for \mkbibdatelong.

File: images/Arsitektur_JADC2.png Graphic file (type bmp)
<images/Arsitektur_JADC2.png>

LaTeX Warning: `h' float specifier changed to `ht'.


Underfull \vbox (badness 10000) has occurred while \output is active []

 [27]
Underfull \vbox (badness 10000) has occurred while \output is active []

 [28]

Package biblatex Warning: Using fallback definition for \mkbibdatelong.
(biblatex)                The command should be defined in the .lbx file.
(biblatex)                If you see this message, the .lbx file could not be
(biblatex)                loaded, is faulty or does not contain a definition
(biblatex)                for \mkbibdatelong.


Package biblatex Warning: Using fallback definition for \mkbibdatelong.
(biblatex)                The command should be defined in the .lbx file.
(biblatex)                If you see this message, the .lbx file could not be
(biblatex)                loaded, is faulty or does not contain a definition
(biblatex)                for \mkbibdatelong.


Package biblatex Warning: Using fallback definition for \mkbibdatelong.
(biblatex)                The command should be defined in the .lbx file.
(biblatex)                If you see this message, the .lbx file could not be
(biblatex)                loaded, is faulty or does not contain a definition
(biblatex)                for \mkbibdatelong.


Package biblatex Warning: Using fallback definition for \mkbibdatelong.
(biblatex)                The command should be defined in the .lbx file.
(biblatex)                If you see this message, the .lbx file could not be
(biblatex)                loaded, is faulty or does not contain a definition
(biblatex)                for \mkbibdatelong.


Underfull \vbox (badness 10000) has occurred while \output is active []

 [29]

Package biblatex Warning: Using fallback definition for \mkbibdatelong.
(biblatex)                The command should be defined in the .lbx file.
(biblatex)                If you see this message, the .lbx file could not be
(biblatex)                loaded, is faulty or does not contain a definition
(biblatex)                for \mkbibdatelong.


Package biblatex Warning: Bibliography string 'andothers' untranslated
(biblatex)                at entry 'Weilkiens2022' on input line 335.


Package biblatex Warning: Using fallback definition for \mkbibdatelong.
(biblatex)                The command should be defined in the .lbx file.
(biblatex)                If you see this message, the .lbx file could not be
(biblatex)                loaded, is faulty or does not contain a definition
(biblatex)                for \mkbibdatelong.


Overfull \hbox (10.54227pt too wide) in paragraph at lines 335--337
\TU/TimesNewRoman(0)/m/n/12 mendukung perencanaan pertahanan dan manajemen peru
bahan ([][][]Weilkiens []
 []

[30]

Package biblatex Warning: Using fallback definition for \mkbibdatelong.
(biblatex)                The command should be defined in the .lbx file.
(biblatex)                If you see this message, the .lbx file could not be
(biblatex)                loaded, is faulty or does not contain a definition
(biblatex)                for \mkbibdatelong.


Overfull \hbox (1.97382pt too wide) in paragraph at lines 343--345
\TU/TimesNewRoman(0)/m/it/12 terprise architecture\TU/TimesNewRoman(0)/m/n/12 )
 yang paling banyak digunakan secara internasional untuk mem-
 []

[31]
File: images/TOGAF_Framework.png Graphic file (type bmp)
<images/TOGAF_Framework.png>

Overfull \hbox (8.33984pt too wide) in alignment at lines 381--386
 [] [] [] [] [] 
 []


Overfull \hbox (8.33984pt too wide) in alignment at lines 386--391
 [] [] [] [] [] 
 []


Underfull \hbox (badness 10000) in paragraph at lines 393--393
[]|\TU/TimesNewRoman(0)/m/n/10 Departemen
 []


Underfull \hbox (badness 10000) in paragraph at lines 393--393
\TU/TimesNewRoman(0)/m/n/10 Pertahanan AS
 []


Underfull \hbox (badness 10000) in paragraph at lines 393--393
[]|\TU/TimesNewRoman(0)/m/n/10 NATO (\TU/TimesNewRoman(0)/m/it/10 Archite-
 []


Underfull \hbox (badness 10000) in paragraph at lines 393--393
\TU/TimesNewRoman(0)/m/it/10 cture Capability
 []


Underfull \hbox (badness 10000) in paragraph at lines 393--393
\TU/TimesNewRoman(0)/m/n/10 tahanan Inggris
 []


Underfull \hbox (badness 1715) in paragraph at lines 395--395
[]|\TU/TimesNewRoman(0)/m/n/10 v1.2, ditarik (di-
 []


Underfull \hbox (badness 10000) in paragraph at lines 395--396
[]|\TU/TimesNewRoman(0)/m/n/10 10th Edition
 []


Underfull \hbox (badness 6300) in paragraph at lines 395--396
\TU/TimesNewRoman(0)/m/n/10 (2022), aktif &
 []


Underfull \hbox (badness 10000) in paragraph at lines 397--397
[]|\TU/TimesNewRoman(0)/m/n/10 Orientasi
 []


Underfull \hbox (badness 10000) in paragraph at lines 397--397
[]|\TU/TimesNewRoman(0)/m/n/10 Standardisasi &
 []


Underfull \hbox (badness 10000) in paragraph at lines 397--397
\TU/TimesNewRoman(0)/m/n/10 interoperabilitas
 []


Underfull \hbox (badness 10000) in paragraph at lines 397--397
[]|\TU/TimesNewRoman(0)/m/n/10 Perencanaan
 []


Underfull \hbox (badness 10000) in paragraph at lines 397--397
\TU/TimesNewRoman(0)/m/n/10 kapabilitas &
 []


Underfull \hbox (badness 10000) in paragraph at lines 397--398
[]|\TU/TimesNewRoman(0)/m/n/10 Keselarasan
 []


Underfull \hbox (badness 10000) in paragraph at lines 397--398
\TU/TimesNewRoman(0)/m/n/10 bisnis–TI lintas
 []


Underfull \hbox (badness 10000) in paragraph at lines 399--399
[]|\TU/TimesNewRoman(0)/m/it/10 Architecture
 []


Underfull \hbox (badness 10000) in paragraph at lines 399--399
\TU/TimesNewRoman(0)/m/it/10 description
 []


Underfull \hbox (badness 10000) in paragraph at lines 399--399
[]|\TU/TimesNewRoman(0)/m/it/10 Architecture
 []


Underfull \hbox (badness 10000) in paragraph at lines 399--399
\TU/TimesNewRoman(0)/m/it/10 description
 []


Underfull \hbox (badness 10000) in paragraph at lines 399--400
[]|\TU/TimesNewRoman(0)/b/n/10 Metodologi
 []


Underfull \hbox (badness 10000) in paragraph at lines 399--400
\TU/TimesNewRoman(0)/b/n/10 pengembangan
 []


Underfull \hbox (badness 10000) in paragraph at lines 401--401
[]|\TU/TimesNewRoman(0)/m/n/10 Komponen/
 []


Underfull \hbox (badness 4156) in paragraph at lines 401--401
[]|\TU/TimesNewRoman(0)/m/n/10 8 \TU/TimesNewRoman(0)/m/it/10 viewpoint\TU/Time
sNewRoman(0)/m/n/10 , 52
 []


Underfull \hbox (badness 10000) in paragraph at lines 401--401
\TU/TimesNewRoman(0)/m/n/10 model, meta-
 []


Underfull \hbox (badness 10000) in paragraph at lines 401--401
[]|\TU/TimesNewRoman(0)/m/it/10 Grid viewpoint
 []


Underfull \hbox (badness 10000) in paragraph at lines 401--401
\TU/TimesNewRoman(0)/m/n/10 (\TU/TimesNewRoman(0)/m/it/10 issues $\OMS/cmsy/m/n
/10 ^^B$ \TU/TimesNewRoman(0)/m/it/10 aspe-
 []


Underfull \hbox (badness 7308) in paragraph at lines 401--401
\TU/TimesNewRoman(0)/m/it/10 cts of concern\TU/TimesNewRoman(0)/m/n/10 ),
 []


Underfull \hbox (badness 10000) in paragraph at lines 401--401
\TU/TimesNewRoman(0)/m/n/10 meta-model
 []


Underfull \hbox (badness 1122) in paragraph at lines 401--401
[]|\TU/TimesNewRoman(0)/m/n/10 7 \TU/TimesNewRoman(0)/m/it/10 viewpoint \TU/Tim
esNewRoman(0)/m/n/10 (AV,
 []


Underfull \hbox (badness 10000) in paragraph at lines 401--401
\TU/TimesNewRoman(0)/m/n/10 StV, OV, SOV,
 []


Underfull \hbox (badness 2460) in paragraph at lines 401--402
\TU/TimesNewRoman(0)/m/it/10 terprise Continu-
 []


Underfull \hbox (badness 2671) in paragraph at lines 401--402
\TU/TimesNewRoman(0)/m/it/10 um\TU/TimesNewRoman(0)/m/n/10 , \TU/TimesNewRoman(
0)/m/it/10 Architecture
 []


Underfull \hbox (badness 10000) in paragraph at lines 403--403
[]|\TU/TimesNewRoman(0)/m/n/10 Metode Pe-
 []


Underfull \hbox (badness 10000) in paragraph at lines 403--403
[]|\TU/TimesNewRoman(0)/m/it/10 Architecting sta-
 []


Underfull \hbox (badness 6477) in paragraph at lines 403--403
\TU/TimesNewRoman(0)/m/it/10 ges \TU/TimesNewRoman(0)/m/n/10 (tidak ketat
 []


Underfull \hbox (badness 10000) in paragraph at lines 403--404
[]|\TU/TimesNewRoman(0)/b/n/10 ADM iteratif
 []


Underfull \hbox (badness 10000) in paragraph at lines 403--404
\TU/TimesNewRoman(0)/b/n/10 & preskrip-
 []


Underfull \hbox (badness 10000) in paragraph at lines 403--404
\TU/TimesNewRoman(0)/b/n/10 tif \TU/TimesNewRoman(0)/m/n/10 dengan
 []


Underfull \hbox (badness 10000) in paragraph at lines 403--404
\TU/TimesNewRoman(0)/m/it/10 Requirements
 []


Underfull \hbox (badness 10000) in paragraph at lines 403--404
\TU/TimesNewRoman(0)/m/it/10 Management \TU/TimesNewRoman(0)/m/n/10 di
 []


Underfull \hbox (badness 6559) in paragraph at lines 405--405
[]|\TU/TimesNewRoman(0)/m/n/10 Cakupan Sek-
 []


Underfull \hbox (badness 10000) in paragraph at lines 405--405
[]|\TU/TimesNewRoman(0)/m/n/10 Spesifik militer
 []


Underfull \hbox (badness 10000) in paragraph at lines 405--405
[]|\TU/TimesNewRoman(0)/m/n/10 Militer (NATO)
 []


Underfull \hbox (badness 10000) in paragraph at lines 405--405
[]|\TU/TimesNewRoman(0)/m/n/10 Spesifik militer
 []


Underfull \hbox (badness 3746) in paragraph at lines 405--406
[]|\TU/TimesNewRoman(0)/m/n/10 Netral industri /
 []


Underfull \hbox (badness 10000) in paragraph at lines 407--407
[]|\TU/TimesNewRoman(0)/m/n/10 Penanganan
 []


Underfull \hbox (badness 1484) in paragraph at lines 407--407
\TU/TimesNewRoman(0)/m/n/10 bilitas lintas ma-
 []


Underfull \hbox (badness 10000) in paragraph at lines 407--408
[]|\TU/TimesNewRoman(0)/m/n/10 Tidak eksplisit;
 []


Underfull \hbox (badness 10000) in paragraph at lines 407--408
\TU/TimesNewRoman(0)/m/n/10 bersifat \TU/TimesNewRoman(0)/m/it/10 cross-
 []


Underfull \hbox (badness 10000) in paragraph at lines 407--408
\TU/TimesNewRoman(0)/m/it/10 cutting \TU/TimesNewRoman(0)/m/n/10 (perlu
 []


Underfull \hbox (badness 4205) in paragraph at lines 409--409
[]|\TU/TimesNewRoman(0)/m/n/10 Terikat konvensi
 []


Underfull \hbox (badness 10000) in paragraph at lines 409--409
[]|\TU/TimesNewRoman(0)/m/n/10 Selaras
 []


Underfull \hbox (badness 10000) in paragraph at lines 409--409
\TU/TimesNewRoman(0)/m/n/10 ISO/IEC/IEEE
 []


Underfull \hbox (badness 4492) in paragraph at lines 409--409
\TU/TimesNewRoman(0)/m/n/10 42010; kompati-
 []


Underfull \hbox (badness 10000) in paragraph at lines 409--409
[]|\TU/TimesNewRoman(0)/m/n/10 Menambah StV
 []


Underfull \hbox (badness 10000) in paragraph at lines 409--409
\TU/TimesNewRoman(0)/m/n/10 & AcV; kini
 []


Underfull \hbox (badness 10000) in paragraph at lines 409--410
\TU/TimesNewRoman(0)/m/n/10 ADM dirancang
 []


Underfull \hbox (badness 2173) in paragraph at lines 411--411
[]|\TU/TimesNewRoman(0)/m/n/10 Adopsi & ke-
 []


Underfull \hbox (badness 10000) in paragraph at lines 411--412
[]|\TU/TimesNewRoman(0)/m/n/10 Adopsi global
 []


Underfull \hbox (badness 10000) in paragraph at lines 411--412
\TU/TimesNewRoman(0)/m/n/10 terluas; ekosis-
 []


Underfull \hbox (badness 10000) in paragraph at lines 411--412
\TU/TimesNewRoman(0)/m/n/10 matang; gratis
 []


Overfull \hbox (8.33984pt too wide) in alignment at lines 391--413
 [] [] [] [] [] 
 []

[32]
Underfull \vbox (badness 10000) has occurred while \output is active []

 [33]
Underfull \vbox (badness 1412) has occurred while \output is active []

 [34])
(Bab III - Analisis dan Desain.tex [35] [36

]
Bab III.

LaTeX Warning: Citation 'KemhanRI2021' on page 37 undefined on input line 15.


Package biblatex Warning: Using fallback definition for \mkbibdatelong.
(biblatex)                The command should be defined in the .lbx file.
(biblatex)                If you see this message, the .lbx file could not be
(biblatex)                loaded, is faulty or does not contain a definition
(biblatex)                for \mkbibdatelong.

[37]
Underfull \hbox (badness 10000) in paragraph at lines 41--41
[]|\TU/TimesNewRoman(0)/m/n/12 Metodologi pe-
 []


Underfull \hbox (badness 10000) in paragraph at lines 41--41
\TU/TimesNewRoman(0)/m/n/12 ngembangan yang
 []


Underfull \hbox (badness 10000) in paragraph at lines 41--41
\TU/TimesNewRoman(0)/m/n/12 preskriptif dan
 []


Underfull \hbox (badness 10000) in paragraph at lines 41--41
[]|\TU/TimesNewRoman(0)/m/it/12 Framework \TU/TimesNewRoman(0)/m/n/12 harus men
yediakan
 []


Underfull \hbox (badness 6063) in paragraph at lines 41--41
\TU/TimesNewRoman(0)/m/n/12 panduan langkah demi langkah
 []


Underfull \hbox (badness 10000) in paragraph at lines 41--42
[]|\TU/TimesNewRoman(0)/m/n/12 Praktik
 []


Underfull \hbox (badness 10000) in paragraph at lines 43--44
[]|\TU/TimesNewRoman(0)/m/n/12 Praktik
 []


Underfull \hbox (badness 10000) in paragraph at lines 43--44
\TU/TimesNewRoman(0)/m/n/12 terbaik;
 []


Underfull \hbox (badness 1460) in paragraph at lines 51--51
[]|\TU/TimesNewRoman(0)/m/n/12 Arsitektur yang dihasilkan harus
 []


Underfull \hbox (badness 2913) in paragraph at lines 55--55
\TU/TimesNewRoman(0)/m/n/12 mampuan kustomi-
 []


Underfull \hbox (badness 2277) in paragraph at lines 55--55
\TU/TimesNewRoman(0)/m/n/12 dapat disesuaikan (\TU/TimesNewRoman(0)/m/it/12 tai
loring\TU/TimesNewRoman(0)/m/n/12 ) de-
 []


Underfull \hbox (badness 10000) in paragraph at lines 55--56
[]|\TU/TimesNewRoman(0)/m/n/12 Praktik
 []


Underfull \hbox (badness 10000) in paragraph at lines 57--57
[]|\TU/TimesNewRoman(0)/m/it/12 Framework \TU/TimesNewRoman(0)/m/n/12 harus men
yediakan
 []


Underfull \hbox (badness 1845) in paragraph at lines 57--57
\TU/TimesNewRoman(0)/m/n/12 mekanisme tata kelola arsitektur
 []


Underfull \hbox (badness 10000) in paragraph at lines 57--57
\TU/TimesNewRoman(0)/m/n/12 arsitektur tetap relevan secara
 []


Underfull \hbox (badness 10000) in paragraph at lines 57--58
[]|\TU/TimesNewRoman(0)/m/n/12 Praktik
 []


Underfull \hbox (badness 10000) in paragraph at lines 57--58
\TU/TimesNewRoman(0)/m/n/12 terbaik;
 []


Underfull \hbox (badness 10000) in paragraph at lines 59--59
[]|\TU/TimesNewRoman(0)/m/n/12 Ketersediaan dan
 []


Underfull \hbox (badness 10000) in paragraph at lines 59--60
[]|\TU/TimesNewRoman(0)/m/n/12 Praktik
 []


ignored: Infinite glue shrinkage found in box being split [38]
ignored: Infinite glue shrinkage fo
und in box being split [39]
Underfull \hbox (badness 1320) in paragraph at lines 82--82
[]|\TU/TimesNewRoman(0)/m/n/12 Tata kelola arsitektur dan manaje-
 []


Overfull \hbox (20.5629pt too wide) in paragraph at lines 70--86
 [][] 
 []

[40] [41]
Underfull \hbox (badness 1478) in paragraph at lines 111--111
\TU/TimesNewRoman(0)/m/n/12 yang secara khusus menangani
 []


Underfull \hbox (badness 1077) in paragraph at lines 115--116
\TU/TimesNewRoman(0)/m/it/12 liminary \TU/TimesNewRoman(0)/m/n/12 dan \TU/Times
NewRoman(0)/m/it/12 Architecture Vision\TU/TimesNewRoman(0)/m/n/12 ,
 []


Underfull \hbox (badness 1127) in paragraph at lines 117--117
[]|\TU/TimesNewRoman(0)/m/n/12 Interoperabilitas belum diarahk-
 []

[42]
File: images/TOGAF ADM Pertahanan indonesia.drawio.png Graphic file (type bmp)
<images/TOGAF ADM Pertahanan indonesia.drawio.png>

Overfull \hbox (1.73515pt too wide) in paragraph at lines 159--159
[]|\TU/TimesNewRoman(0)/b/n/12 No.| 
 []


Underfull \hbox (badness 10000) in paragraph at lines 159--160
[]|\TU/TimesNewRoman(0)/b/n/12 Kebutuhan
 []


Overfull \hbox (1.73515pt too wide) in paragraph at lines 164--164
[]|\TU/TimesNewRoman(0)/b/n/12 No.| 
 []


Underfull \hbox (badness 10000) in paragraph at lines 164--165
[]|\TU/TimesNewRoman(0)/b/n/12 Kebutuhan
 []


Underfull \hbox (badness 1442) in paragraph at lines 169--169
\TU/TimesNewRoman(0)/m/n/12 katan harus dapat saling terintegrasi
 []


Underfull \hbox (badness 5787) in paragraph at lines 173--173
[]|\TU/TimesNewRoman(0)/m/it/12 Data as Strategic
 []


Underfull \hbox (badness 1436) in paragraph at lines 173--173
\TU/TimesNewRoman(0)/m/n/12 aset strategis nasional untuk mendu-
 []


Underfull \hbox (badness 1983) in paragraph at lines 173--174
[]|\TU/TimesNewRoman(0)/m/n/12 KF-02, KF-
 []


Underfull \hbox (badness 10000) in paragraph at lines 177--177
[]|\TU/TimesNewRoman(0)/m/it/12 Integrated Com-
 []


Underfull \hbox (badness 10000) in paragraph at lines 177--177
[]|\TU/TimesNewRoman(0)/m/n/12 Mendukung sistem komando dan
 []


Underfull \hbox (badness 10000) in paragraph at lines 177--177
\TU/TimesNewRoman(0)/m/n/12 pengendalian terintegrasi berbasis
 []


Underfull \hbox (badness 1983) in paragraph at lines 179--180
[]|\TU/TimesNewRoman(0)/m/n/12 KF-03, KF-
 []


Underfull \hbox (badness 10000) in paragraph at lines 181--181
[]|\TU/TimesNewRoman(0)/m/it/12 Governance &
 []


Underfull \hbox (badness 1983) in paragraph at lines 181--182
[]|\TU/TimesNewRoman(0)/m/n/12 KF-07, KF-
 []


Underfull \hbox (badness 7451) in paragraph at lines 183--183
\TU/TimesNewRoman(0)/m/n/12 konsep \TU/TimesNewRoman(0)/m/it/12 smart defence \
TU/TimesNewRoman(0)/m/n/12 dan operasi
 []


Underfull \hbox (badness 1983) in paragraph at lines 185--186
[]|\TU/TimesNewRoman(0)/m/n/12 KF-02, KF-
 []

[43] [44]
Underfull \vbox (badness 10000) has occurred while \output is active []

 [45]
[46]
File: images/Preliminary.draw